taxpayer_id,annual_income,declared_expenses,tax_paid,num_dependents,business_transactions,late_payments,audit_score,property_count,vehicle_count,foreign_transfer,digit_transactions_ratio,cash_transactions_ratio,year_register,compliance_score,crypto_transaction,offshore_account,suspicious_invoices,monthly_turnover,tax_refund_requests
1.440500128,0.507025284,-0.098592923,-1.034833145,0.232170932,-0.781694899,2.522289115,-0.178227836,1.097591964,-0.140452097,-1.353934103,0.605228505,0.165669757,-0.551850221,0.302392941,0.084677609,-0.119433057,0.531268675,-1.165557375,-1.230337275
0.133728273,-1.087384499,-0.683022113,-0.093363211,1.920673307,1.74462768,-0.714244803,-0.656818907,0.349981016,-1.333583848,0.080424684,-0.660451119,-1.054075121,1.08633223,0.930476986,0.1826185,-0.58026394,-1.029552336,1.0008705,1.233386107
1.17796525,-0.225834949,0.060271066,-1.222295625,-0.124958839,-0.971904347,0.91049555,-0.437806207,1.455680252,0.092697378,-0.85605926,0.460599577,0.796444887,-0.50299074,0.800134353,-0.548308863,0.180134455,0.443992416,-1.360597724,-0.564638397
-1.356661992,0.278508055,-1.312332438,1.512632758,-0.170029773,0.959592885,-0.236286461,-0.797876095,0.018365157,-0.748626684,1.227436356,0.540819163,1.016895974,0.63539493,-0.661382712,1.235710982,-1.138696027,-0.229051612,-0.744611415,0.036181842
-1.141539607,0.210361843,-1.182621281,1.53433699,-1.342958525,0.527744097,0.078162346,-1.453507853,-0.226619435,-1.073965936,1.236643012,0.792140743,1.125967537,0.801665732,-0.3675953,0.628840155,-1.599486931,-0.626937859,-1.168348911,0.379194333
0.946012531,0.855019256,-0.465559703,-1.486864546,0.217934509,-0.910442189,1.904368824,-0.522208359,1.066678808,0.068372957,-1.248674551,0.269531145,0.33643846,-0.450713672,0.795198393,-0.708144653,0.274516742,0.835169124,-1.115268649,0.195961508
-0.94524961,1.491053813,1.077373127,0.591382151,-1.524711702,-1.267674964,-1.191966034,1.224896788,0.019292827,0.53297323,-1.473630056,1.326782039,0.843959003,-1.720417421,-1.713915558,-1.851686584,-0.507222803,1.30387818,1.126456333,-0.337820538
-0.617848654,1.386116814,1.051969979,0.833191648,-1.129874647,-1.420707713,-0.965108163,1.486081636,0.035256183,0.673095872,-1.091928945,1.312375653,0.760543559,-1.468240106,-2.241242983,-1.51195157,-0.432337562,0.822334481,0.527862677,0.842715905
-0.524210346,-0.63536239,1.046818308,0.161197701,-1.294052602,0.430110641,-0.235712262,0.461437674,-2.116764166,1.667953942,0.397937457,-1.326257138,-1.013708863,0.493233076,-0.477625708,1.101566069,1.271114445,-1.057823482,0.290502526,-0.208876144
0.0643813,-0.681064108,1.094585458,-0.238621854,1.005521846,-0.020062871,-0.363543141,0.741960623,-1.572260343,1.12918008,0.733655305,-0.689485728,-1.489754789,-0.128483627,-0.282724482,-0.087123153,1.718419134,-1.716740698,0.076275234,-0.599355368
-0.410958642,1.700670169,1.016895679,0.792831032,-1.618241527,-1.298639358,-0.923022734,1.20687062,0.256022453,0.822524308,-1.251357518,1.296443913,1.022014359,-1.449104078,-1.501553588,-1.678528629,-0.649997851,1.616537618,0.651976646,0.824889889
-0.256693123,1.24816055,0.898885119,0.531966795,-1.116808864,-1.211334677,-0.422981212,0.516420275,0.520293958,0.666746747,-1.426005258,0.979101682,0.731835879,-1.532684749,-1.584145039,-1.257139258,-0.862841654,1.354194203,0.153863276,0.459091172
-1.330873666,0.189243503,-1.172251421,1.528192227,-0.905539635,0.772009318,0.315865756,-0.745495664,0.303291412,-0.834457045,1.126860018,0.558070887,1.087724142,0.786407586,-0.217670839,1.009231008,-1.211412441,-0.5757648,-0.793464816,0.558499009
1.506319211,-0.190272709,-0.117911587,-1.390102756,-0.680106065,-1.115564772,2.212035109,-0.059405814,1.595148482,-0.165125805,-0.880153066,0.473567344,0.752687499,-0.144804394,0.20406795,-0.50025266,0.325670734,0.784607265,-0.870337022,-1.854592861
0.970587462,0.330132439,-0.660860495,-1.721182239,-0.118477534,-0.739806329,1.883587186,-0.458052238,0.65383394,0.250678852,-1.059910846,0.170877446,0.61248998,-0.347283704,0.383105739,-0.491625721,0.202596697,1.162951905,-1.313610674,-1.230164538
-0.182640408,-0.005962877,1.614310134,-0.35205316,-0.11760004,-0.036986132,-0.917102059,0.373119394,-1.973686403,1.580381278,0.401197373,-0.604767516,-1.016961074,0.51296894,0.290663151,0.13788423,1.668597788,-0.359839351,-0.078827753,-2.072907266
-0.537883844,1.777761172,0.786655395,0.954270649,-0.907627577,-1.627072882,-0.312615821,1.035140759,0.403060255,0.696890962,-1.050806412,1.446387817,0.765109346,-1.893455708,-1.520278884,-1.776217436,0.052852081,1.360790837,0.418849711,0.246337292
-1.460859572,0.371321253,-1.328975096,1.704663786,-0.509707135,0.865913015,0.219774268,-0.979816911,-0.453319374,-0.828303559,1.411749196,0.771388768,1.102563548,0.428562258,-0.303640721,1.079114234,-1.179307254,-0.038570106,-1.0079941,0.508185838
0.25563466,-1.452073458,-0.701627076,0.047091805,0.883816541,0.997631087,-0.486553214,-0.764258688,0.330510454,-1.991679857,0.529181234,-0.767429444,-1.27965389,0.676921911,1.123037351,0.358603401,-0.250439425,-1.69883134,1.18404758,2.060574764
-0.23482757,-1.246732805,0.495950605,-0.68384769,1.049338238,0.362415781,-0.284265844,1.458796245,-1.879880245,1.787785649,0.501068352,-0.607957583,-1.177633985,-0.144226641,-0.012851916,-0.378828463,1.921271459,-0.854383428,-0.745070576,-0.539266139
1.080000564,0.215037708,-0.433865851,-1.433103958,0.151725792,-0.455129586,1.635282303,-0.035669897,1.253410279,0.185554674,-1.00451507,0.374498545,0.460026999,-0.422668457,0.257198787,-0.775277145,0.829291617,0.446842747,-1.098367195,-0.477484967
0.002153926,1.934332223,1.127668596,0.435512555,-0.841486516,-1.347219682,-1.185133628,1.363887455,0.009745031,0.74515776,-1.375410746,1.152103735,0.789114158,-1.712542474,-1.464367838,-1.720023006,-0.075718513,0.828780507,0.410279971,0.997292428
-1.165049173,-1.156192986,1.217478494,-0.231062995,-1.070870447,0.360545248,-0.827176164,0.525380462,-1.316384785,1.622469824,0.428731888,-1.394799734,-1.393131743,0.47778412,-0.069560966,0.731411567,1.655092956,-0.795750349,-0.365955453,-0.203069387
-0.276856096,1.833301006,0.859024304,1.041054374,-0.825977756,-1.657580544,-1.129849092,1.427906215,0.130902921,0.715704571,-1.191771475,1.091370975,0.579371056,-1.947185492,-1.680103694,-1.447755236,-0.299558013,0.988054945,0.695125357,0.494406072
1.426559269,0.391086746,-0.727417096,-1.355376566,0.966081633,-0.937974126,1.396821488,-0.369878065,1.140556998,-0.269693972,-0.968288175,0.349815054,0.473118919,-0.452737816,0.118918134,-0.93897625,0.639993595,0.100924229,-1.404606631,-2.026885115
-0.197977373,-1.268345253,-0.643169305,-0.48214349,2.086617012,1.65171376,-0.491722501,-2.007881552,-0.005119298,-1.387091412,0.141904844,-1.364311556,-1.25454594,0.765304152,0.915332706,0.756422568,-0.223241615,-1.314073751,1.885833027,0.707801443
0.981510974,0.69796999,-0.537365988,-1.321594867,-0.162181562,-1.243829257,1.689562357,0.376918662,1.529049193,-0.018743329,-0.751053712,0.131332174,0.522329071,-0.40649213,0.380535252,-0.558927567,0.08169835,0.028853827,-0.782429098,-0.927051486
1.105953901,0.244840684,-0.161156991,-1.574452244,1.102855877,-0.761832484,1.861661598,-0.52427449,1.39773648,-0.293856077,-0.565385091,0.729887636,0.805422838,-0.806950991,0.524814916,-0.18769382,0.649772451,0.435974595,-1.238209901,-1.258350484
-0.916686583,-0.349349541,1.85840667,-0.351785026,-0.558312043,0.339154255,-0.50946692,0.758013455,-1.7265778,1.323198382,1.007933331,-0.774641095,-1.497946651,0.051992751,0.163941839,0.532947273,1.587037181,-1.243987535,0.22333158,-1.065719409
-0.456061405,1.544540113,0.62889133,0.673660897,-1.580391894,-1.752985935,-1.304715787,1.510987845,0.116669959,0.839784806,-1.337178869,0.880656888,0.612663334,-1.412429691,-1.650094884,-1.767794072,-0.36418449,1.421964607,0.709667064,0.844722693
0.467427168,-1.829679408,-0.577490977,-0.566848263,0.889011747,1.28417522,-0.031740187,-0.950299854,0.180359341,-1.413871499,0.104157015,-0.694988781,-1.253509691,1.411048349,1.20606788,0.655051645,0.012005122,-0.187556002,1.432462558,1.009515102
-1.495690401,-0.208725942,-1.002654233,1.702078326,-0.384961466,0.821142628,0.045539753,-1.013497331,0.093135046,-0.878986939,1.125991438,0.713312954,0.951001622,0.841812298,0.10935129,0.832115065,-1.548839341,-0.827162755,-1.101501629,0.105908255
-0.502990423,-0.858257409,1.011429661,0.359689776,-1.048080546,0.248955203,-0.471508874,1.210889245,-1.732030078,1.346255054,0.92273587,-0.953194082,-1.326453286,-0.212461374,0.173561603,-0.095248325,1.210009172,-0.92692667,0.360301243,0.350782479
-0.545321963,-1.561304968,1.942744706,-0.729106645,1.184220454,0.222666456,-0.335527961,0.606357796,-1.757279135,1.633039461,0.960537269,-0.929626616,-1.358313329,0.252391332,-0.488210515,0.525696301,1.921834995,0.091856774,0.380064551,-1.37179344
-0.402855529,1.774169637,0.657852739,0.64073789,-1.545801604,-0.948746577,-0.437575106,0.870502993,0.1274898,0.782011234,-1.330788386,1.250994875,0.722065518,-2.074324329,-1.643401337,-1.78767725,-0.486814356,1.688019966,0.243817534,0.535028992
-0.774701809,1.502847219,1.20355682,0.575908136,-1.462997598,-1.477310254,-1.06289788,2.098588596,0.178108146,0.762729052,-1.084800809,1.24566466,0.700183031,-1.716199924,-1.689994959,-1.568708702,-0.202757378,1.370940375,0.626075556,0.190971594
0.556830964,-0.744449432,0.228662151,-0.249532744,2.093910865,1.293991243,-0.150846258,-1.105481392,0.210920958,-1.102552387,0.157568237,-1.239452045,-1.1011375,1.113030839,0.862509077,0.656161787,0.328010817,-0.217249453,2.0024673,1.335490596
1.07969655,0.336896277,-0.553418797,-1.741781221,0.074012627,-0.728330587,2.208264762,0.154641194,1.540592792,0.061551355,-0.966240359,0.10731448,0.575685558,-0.231112,0.793692202,-0.164273841,0.906233778,0.471596633,-1.217255722,-0.706725032
1.101318215,0.559122951,-0.193581824,-1.31452499,0.777915474,-0.744923861,1.955480534,0.283921125,1.072048021,0.107615859,-1.016923211,0.38761382,0.548353748,-0.269177563,0.506722481,-0.472425215,0.449541691,0.220924079,-1.069782058,-0.897198993
-0.217298026,-0.991589013,1.39097822,-0.016825699,-0.077900514,0.370367783,0.095151947,1.152936689,-1.620100793,1.031034293,0.930230658,-0.973411011,-0.895277311,0.411223846,-0.558615717,-0.262110893,1.832355032,-1.210062918,0.38337019,-0.851200423
-0.270236008,1.357746762,0.866300751,0.685220446,-1.108825875,-1.809731416,-0.670214128,0.896888888,0.682790279,0.763099889,-1.333415917,1.416685944,0.820202367,-1.50196807,-1.511857143,-1.88579059,-0.526998054,1.725020544,0.406900827,0.174076583
1.51013369,0.229205791,-0.314049416,-1.624062184,1.07966768,0.002187291,2.105179102,0.140161324,1.288137715,0.034794528,-1.363167559,0.384822772,0.387138862,-0.413412891,0.433042955,0.048251681,0.872082259,0.882614959,-1.09458888,-0.175923627
-0.987277535,0.170081525,-1.501190731,1.48697312,-0.040275423,0.825138039,0.020541845,-1.149481322,0.571338386,-0.863429612,1.170501238,0.618899176,0.964691872,0.830800622,0.13596323,1.005383706,-1.547672366,-0.32994267,-1.119196466,0.992552888
1.629141809,0.109964714,-0.576764852,-1.243457344,0.086133727,-0.787009608,1.741241463,0.605712729,1.394147103,0.461620966,-0.752317063,0.78741689,0.33833335,-0.327807331,0.33252217,-0.849352335,0.922480762,0.755573867,-1.377834282,-1.079099423
-1.474852635,-0.043162302,-1.4060991,1.442343793,-0.244464421,0.690007998,-0.216354266,-1.08144081,-0.162033728,-0.744161051,1.184004791,0.815154954,1.250577854,0.929271504,-0.377570441,1.367454811,-0.952124367,-0.3088758,-0.676894231,0.190709325
-0.128144537,-0.966825494,2.224336512,-0.498076127,-0.475712714,-0.203279674,-0.085083274,0.614825308,-1.949557956,1.694521197,0.308296188,-0.876208296,-0.763333258,0.768761232,0.467719354,0.721666148,2.30609619,-0.254021021,0.357377656,-0.256920085
-1.293006725,-0.142935551,-1.368364745,1.640049515,-0.078294752,0.73427569,0.038972777,-0.984396611,-0.112241932,-0.875748483,0.77967906,0.622986911,0.954708881,0.727919526,-0.197403294,1.094800945,-1.765325216,-0.285311641,-1.3057307,-0.002479255
0.459814304,-0.851006661,0.31893358,-0.138986904,1.530023128,1.423649371,-0.559497505,0.289763489,0.232844901,-1.261481207,0.079516986,-0.864914802,-0.959495854,0.855764736,1.33524109,0.215413701,-0.296858877,-0.582167468,2.062835609,0.802782122
-0.480386046,-0.875109975,1.763451327,-0.104188359,0.594600034,0.856185934,-0.378453893,1.57855615,-2.326665515,1.39323236,0.671605379,-0.571406655,-0.969565925,0.178271594,0.34363847,0.323267684,1.681786929,-1.696908855,0.258697518,-1.028846654
-1.273933597,-0.245205563,-1.012508793,1.300453569,-0.422376451,0.622236924,0.598350668,-1.236861872,0.358136953,-0.716439546,1.300857635,0.388860871,1.077567915,0.579138714,0.00135247,0.867561028,-1.174985961,-0.416926779,-1.220232425,0.759476423
-0.267614391,1.429527567,0.726988839,0.568318526,-0.727471569,-1.6055018,-0.635138363,1.011499668,0.320044278,0.734985312,-1.208913368,1.297433812,0.758042425,-1.774602223,-1.623138672,-1.772433602,-0.469310146,0.835301337,0.347968501,0.157488832
-0.370686818,1.645715004,0.949210053,0.589648011,-0.457433923,-1.53008346,-0.881347092,1.026239468,0.147171285,0.527858727,-1.230659626,1.047101673,0.95493036,-1.852711077,-1.739013082,-1.630724595,-0.109265732,1.292058038,0.728383348,-0.259624267
0.445662313,-0.829533207,0.982302004,-0.620263855,-0.027623921,0.602454717,-1.126911555,1.884502745,-1.493288514,1.58913674,0.666621694,-1.066914463,-1.269179143,0.875607733,0.187058268,0.628804189,1.311653909,-0.74515019,-0.108605093,-0.084482187
-0.736751283,1.666753518,0.978585064,0.638208443,-1.914851495,-1.649229134,-0.984357542,1.306159478,0.085138208,0.738782345,-1.425686011,1.203157523,0.777992813,-1.653922941,-1.464714182,-1.892395127,-0.854522226,1.700137135,0.641154357,0.01494649
2.034767514,0.232112614,-0.359510134,-0.973421059,0.733769719,-0.792368959,1.717446223,-0.286957768,1.621534348,-0.095150357,-0.982826496,0.345358873,0.738714756,-0.403189939,0.219384832,-0.762396839,-0.103823065,0.381797167,-0.794441357,-0.295757095
-1.108882874,-1.232755923,0.817250123,-0.213208186,0.014725896,0.272870901,-0.580957378,-0.230152668,-1.525734866,2.052975463,0.830116935,-1.220822371,-1.596884466,0.130661778,0.407710543,0.807396487,1.769171677,-0.501494343,0.507148321,-0.462231725
1.977199827,0.267162264,-0.311637896,-0.970182492,1.050957385,-0.894595543,2.077437856,1.091679891,1.267910166,-0.146567632,-0.948756739,0.516377697,0.547223457,-0.304917454,0.098729149,-0.62298537,0.801969938,0.088938167,-0.781419531,-1.924771185
0.173620644,-1.482940481,-0.595629104,-0.490500117,1.095299031,0.673521939,-0.050951495,-0.465995072,-0.370637794,-0.99591022,0.055902313,-1.04134592,-1.141416161,0.876680166,1.181416145,1.098099945,-0.879325511,-0.374640506,1.878038905,1.616131647
-0.149275797,-0.969906716,0.961156074,-0.149955946,0.75950468,0.628508025,-0.955020106,0.548919977,-1.601504404,1.168090432,1.145499142,-1.865727429,-1.451534136,0.257469088,-0.948389413,-0.213410922,1.682580038,-0.934217145,0.802742845,0.082917471
1.317622502,0.426890732,-0.152168145,-1.437183095,1.141142838,-0.438022718,1.943056553,-0.245600827,1.509976357,-0.136094845,-0.935601131,0.17798317,0.75109929,-0.352595232,0.90083935,0.180717064,0.729985209,0.918424281,-1.332808845,-0.403273627
-1.16727813,-0.193108338,-1.056720382,1.395865024,-0.203613338,0.702498272,0.042024222,-0.569501399,-0.192180293,-0.935743667,1.191456916,0.536293209,1.400685009,0.914040495,-0.262490212,0.935346245,-1.683468256,-0.563718489,-1.024733404,1.144601588
1.618636626,0.608029006,-0.539926398,-1.161121625,-0.399564881,-1.232020492,1.702959743,0.294627565,1.473079511,0.061863251,-1.099482108,0.294066264,0.600499035,-0.595865993,0.313477016,-0.463782997,0.19030534,0.489053575,-0.924242694,-0.823592703
0.047931179,-0.768533674,-0.371165671,-0.439400894,0.383478222,0.829632992,0.142960775,-0.945294739,0.01017732,-1.141627528,0.107099025,-0.735138281,-0.880507865,0.808292289,1.015120632,-0.273615486,-0.824062051,-1.403623492,1.449084881,1.018736221
-1.264294536,0.268523633,-1.279718699,1.663254631,-0.041756797,0.521468268,-0.172122662,-0.913856564,-0.298303033,-0.592193869,1.259571057,0.832157017,0.919348614,0.776176633,-0.069455569,1.05858872,-1.208028537,-0.195287618,-1.164761284,0.022587551
-1.437177652,0.139700957,-1.086652845,1.783669196,-0.712120051,0.375642942,0.108877093,-0.676281203,0.023919357,-1.188871283,1.139284007,0.73385828,1.076162488,0.927248316,-0.142350334,1.113681151,-1.188275117,-0.172936316,-0.923709344,0.509713393
0.396087251,-2.253461536,-0.700692598,-0.624462832,1.71971343,0.856321286,-0.41042213,-0.109619583,0.55926771,-0.960136552,0.167446598,-0.992733684,-1.103714726,0.905199664,1.286144089,0.380896887,0.094789023,-0.920102453,1.62072808,2.072524573
1.233534411,0.92025202,0.166160454,-1.414419168,0.1833692,-0.899931934,2.091030909,0.377962361,0.695170956,0.094027762,-1.192583516,0.889874581,0.656231386,-0.58854652,0.393833931,-0.591327806,0.621448951,1.223868214,-1.425826531,-0.056365286
-1.14762127,-0.000272952,-1.444995339,1.864069154,-0.479107097,0.1539925,0.057547714,-1.164965311,0.116030886,-0.883859502,1.271045937,0.75512035,0.890428946,0.684610481,-0.217579077,1.196982546,-1.428043713,-0.445839074,-0.992227857,0.282031067
-0.011426691,1.374007149,0.72547584,0.656842323,-0.80684399,-1.674016758,-0.856040213,0.725457018,0.42299673,0.760414248,-1.178482968,1.348472984,0.964046106,-1.782098996,-1.84853224,-1.534190841,0.080038706,1.113854547,0.36135226,0.577328532
-1.031432213,0.155641304,-1.135309917,1.425094351,-0.556085798,0.596709607,0.512280138,-0.963519773,0.031489676,-0.957122816,1.366693979,0.516275698,1.078711823,0.451415757,-0.483285198,1.070492097,-1.611905137,0.135380613,-1.323888691,0.124018797
1.530589336,0.474667809,-0.31146905,-1.223943527,-0.039493801,-0.504806286,1.398749333,-0.253221548,1.391119017,-0.274046099,-1.253019579,0.481373976,0.29196341,-0.679894418,0.620770524,-0.499563472,0.893415486,0.41219545,-1.013821555,-0.740784679
-0.028645696,1.681980389,1.114912465,0.382757089,-0.877920023,-1.480984575,-1.013127288,1.199034801,-0.019023311,0.505147839,-1.213572657,1.296904151,0.615961161,-1.500615485,-1.557806427,-1.758713264,-0.775831606,1.42191589,0.404838339,0.34737143
1.882375069,0.263773474,-0.228760157,-1.393407311,0.656228578,-0.830917977,1.92337248,0.351878644,1.13341376,0.021718738,-1.355236409,0.675515565,0.948188062,-0.641889785,0.456904348,-0.350546309,0.55445088,0.942177842,-1.112636848,-1.137293762
0.603594415,-1.339970982,-0.846060905,0.235146029,0.66169409,1.506000653,0.153750868,-1.217501569,0.449695684,-0.995657959,0.742396938,-1.328072882,-1.388751155,0.776491387,1.177998826,0.701568746,-0.536098989,-1.66380253,1.553937282,2.356930694
1.285062167,0.891237183,-0.287167258,-1.549714851,0.844703257,-0.639896863,1.619880511,-0.275323186,0.981593493,-0.187548871,-1.039531439,0.330802834,0.56534524,-0.342737417,0.7650167,-0.078169945,0.501082201,1.132394055,-0.87465236,-0.768141574
0.079452559,-0.755426954,1.181800959,-0.528667996,0.006991945,0.630585561,-0.133422072,1.118155752,-1.452838883,1.837514512,0.631027663,-1.465220453,-0.926591633,0.15275586,-0.058224048,-0.364411862,1.853482275,-1.800775627,-0.175913118,-0.322263953
1.924346327,-0.068429416,-0.177036394,-1.791181654,0.80903383,-0.848327481,1.556486329,0.253859866,1.315124865,-0.282334472,-1.236753352,0.321457578,0.376686066,-0.740290026,0.457091639,-0.844000989,0.66001164,1.376946848,-1.184139508,-1.212529966
-1.432947877,0.039828586,-0.982075534,1.670352143,0.005685864,0.809438804,-0.16696343,-0.900148814,0.228464269,-0.944771476,1.317527954,0.963814717,1.114116913,0.953551462,-0.145667694,1.254661718,-1.351324249,-0.184006425,-0.788223968,0.525123703
-0.170925422,1.685002169,0.583246054,0.530496265,-1.361657644,-1.76262741,-0.955654595,1.118194497,0.649990097,0.67112318,-1.441403128,1.050239378,0.916985392,-1.320154535,-1.990249054,-2.031902346,-0.029810422,1.550980974,0.237755356,0.361424628
2.032082032,0.534506379,-0.389598077,-1.12870619,-0.940441847,-0.663437785,2.119784304,-0.528505957,0.865274016,-0.064157851,-1.049609684,0.10873585,0.98104574,-0.527586491,0.011408767,-0.57477346,0.812779982,1.013574913,-0.934144779,-1.498340366
0.488492732,-0.771685089,-0.839094913,-1.332169366,1.416628195,1.267975838,-0.942350835,-1.336579829,1.091033256,-1.290105264,0.447980203,-1.419320572,-1.527322496,0.879418453,1.056764784,0.690480152,-0.408851874,-0.760256411,1.366935774,0.577412199
0.653093421,-1.364713883,-0.408630792,-0.21071425,1.363239712,1.246690436,-0.438848272,-0.304395269,0.316690199,-1.113736768,0.005203826,-1.314303774,-0.930509227,1.005767958,1.348533597,1.202217047,-0.064317719,-0.748934519,1.385487049,-0.415845692
0.535629317,-0.90484466,-0.286641608,-0.20870333,0.998494227,1.126478004,-0.032512179,-0.558663294,0.157371296,-0.827976379,0.278966741,-1.38879097,-1.261810582,0.604449851,1.082615462,1.034108338,-0.668700629,-0.637344795,1.159462512,1.177525493
-1.250227924,-0.146244891,-1.435450138,1.465538496,-0.202632859,0.550079452,-0.070186155,-1.288417731,0.125742882,-0.72059396,1.127199814,0.837025545,0.964912043,0.969195903,-0.201159252,0.673808392,-1.105823406,-0.145937096,-0.935019599,0.199037757
0.389508917,-1.433620727,-1.007436932,0.319426622,2.030138449,0.997909546,-0.262700797,-0.704288191,0.579762743,-1.41773889,0.568001315,-1.343113608,-1.363094887,1.099245645,1.578234307,1.597982129,-0.883765025,-0.556096541,1.331521734,1.706595971
-0.125728738,1.295009304,1.09733715,0.802445647,-0.877650386,-1.167439016,-0.377335466,1.728699022,0.255075436,0.754006471,-1.189062649,1.206184146,0.627533181,-1.314582141,-1.878415473,-1.291953336,-0.244918558,0.932102617,0.603898853,-0.652851256
1.153030115,0.191467175,0.011493242,-1.266082777,-0.56621832,-0.833521832,1.546793825,-0.148970375,1.309686162,0.438964465,-1.381818616,0.419016177,0.525824482,-0.210087846,0.590200479,-0.421640894,0.539936356,0.414305662,-0.672891749,-0.421710432
0.994144277,-1.356071489,-0.609156082,-0.656869098,0.856956192,1.597853781,0.199166494,-0.380790132,-0.397003692,-0.893450875,-0.254645547,-0.90375094,-1.207296717,1.066296308,0.748080882,1.104526714,-0.928073161,-1.056504367,1.192156694,0.300467921
1.207830641,-1.245153461,-1.179912488,-0.193722059,1.95025201,0.564548631,-0.13760007,-0.720156707,0.15959413,-1.377295466,0.528586302,-1.207351733,-1.450027451,0.28922991,1.521556624,0.7768143,-0.390294367,-1.027640582,1.236464162,0.506434878
-0.269785252,1.446897557,0.362845077,0.553597978,-0.892874569,-1.417359607,-0.625585187,0.725448611,0.37308994,0.874197622,-1.60981768,1.269588201,0.678512013,-1.676961882,-1.585758644,-1.767669861,-0.570462315,1.293484562,0.291336426,-0.202427807
-0.032222727,-0.745333194,0.973529682,-0.462711824,-0.167084276,0.57595111,-0.949853797,0.666559633,-1.764132669,1.628608429,0.437769634,-1.515940304,-1.009169206,-0.087721719,0.714911087,0.248437541,0.685704181,-1.266570632,0.34541509,-1.426116205
1.364920574,0.549679483,-0.77443059,-1.633057959,0.218832788,-0.661487152,1.860227078,0.127417468,1.329358786,0.011565767,-0.956502649,0.601414727,0.211317035,-0.018099473,-0.178018206,-0.768355306,0.360586211,1.114595221,-1.934840117,-1.025641861
-1.332332641,-0.033642555,-1.330091886,1.739852605,-0.137586851,0.62425477,0.407696832,-0.923071797,0.085971832,-0.760999217,1.200086061,0.707575442,0.902752167,0.660073874,-0.298637041,0.76998866,-1.35501347,-0.388066001,-0.962563595,0.391476993
-0.051780279,-1.050449097,-0.687426107,-0.308146325,-0.289869337,1.639806713,-0.026071239,-1.666704357,-0.363806776,-0.805609337,0.068694249,-1.408274068,-1.609007946,0.867316179,1.149655654,0.95690886,-0.929857469,-1.534033998,1.501601051,1.741999961
0.43009095,-0.727357906,0.8504034,-0.096346142,-0.51150009,0.178209775,-0.800824065,0.289422819,-1.433869303,1.303012145,0.325684367,-0.909991751,-1.585058843,0.001745713,0.688027366,-0.138485756,0.457923555,-0.474236275,0.102581528,-1.126535719
-0.46573442,-0.501164198,1.848054848,-1.30759285,-0.033566623,-0.576133386,0.420456707,0.380885989,-1.464031176,1.385684848,0.555543113,-1.293435091,-0.801404086,0.86415815,0.893179892,0.351781955,1.587174486,-1.140054643,0.067846109,-1.747342096
-0.415290824,-1.017216756,1.365584031,-0.274101681,0.38103674,0.915045745,-0.742071994,1.274264209,-0.820323483,1.868006519,1.00418696,-1.169252283,-1.203263087,-0.062968136,0.560735937,0.386930921,1.532541638,-0.334613763,-0.247283647,0.268422222
-0.279798619,-0.877995817,0.974984105,-0.774170396,-1.036914261,0.362441173,-0.780147507,-0.926672261,-1.458125395,1.376749956,1.038692682,-0.912198973,-1.674978764,-0.450858589,-0.097510196,0.184479427,1.797412088,-0.709732283,0.735222842,-1.885016601
-0.300845008,-0.543279281,0.881212005,0.156445595,1.200351761,-0.130266627,-0.497341088,1.210186235,-1.923818391,1.583543837,0.789939858,-1.703553671,-1.101254628,0.03896495,0.591322743,0.070117338,1.503116296,-0.105447642,0.362504469,-1.687116872
-0.5558136,1.607800543,0.813174762,0.500154018,0.037743497,-1.754195769,-1.312821925,1.515501372,0.026110797,0.586552618,-1.347133088,1.194555608,1.033530432,-1.485384413,-1.467005723,-1.87075519,-0.668323263,0.412067387,0.284021729,0.536425237
-1.487514271,0.067525655,-1.166450768,1.394194612,-0.571776011,0.812541695,0.031695122,-0.848567168,0.147608528,-0.633779859,1.094888216,0.452271,0.952036309,0.521629674,-0.02619143,0.837713465,-0.804539463,-0.148517879,-0.959988916,0.620606055
1.058133871,-0.056887821,-0.238918982,-1.28896598,-0.669804049,-0.8869867,1.690294785,-0.484203784,1.442345322,-0.293861639,-1.015910577,0.196545887,0.336570827,-0.187194565,0.367829397,-0.292837737,0.064407723,0.529183514,-0.859280222,0.123569704
0.413658081,-1.507750831,-0.485251669,-0.789255118,1.2790511,1.618234995,-0.789652104,-1.787505933,0.673012286,-1.349250039,0.587763857,-1.254998065,-1.16252119,1.063195038,0.793151647,0.6459495,-0.553344033,-1.360291831,1.574116349,1.081297528
-1.464115976,-0.458130119,1.613309946,-0.517357092,1.026965931,0.132411418,-0.691914709,1.009813506,-0.351311604,1.836773453,0.96004687,-1.334888446,-1.206067209,0.152003984,0.512515036,0.398050106,1.042646902,-0.806705828,-0.166880947,-0.872030347
-1.030444862,-0.126250129,-1.560944807,1.115328065,-0.536911875,0.519245612,0.19546286,-0.854520327,-0.228898608,-0.816056029,1.201930303,0.375646382,0.921000492,0.546171522,0.141777136,1.089659791,-1.086370293,-0.786677184,-0.859702364,0.970162953
-1.565137909,-0.25810023,-1.350660763,1.504826214,-0.57148051,1.020532867,0.213580325,-0.439161961,-0.185546893,-0.844365931,1.31611449,0.68633056,1.204598176,0.766512963,0.200348354,1.129091783,-1.059962981,-0.482595899,-1.142954116,0.739698037
0.17820346,1.906316069,1.377221358,0.428145557,-0.967342131,-1.775498794,-0.619936947,0.860012256,0.294019587,0.469450769,-1.331084077,1.05846224,0.693724546,-1.779409538,-1.810188009,-1.470443419,-0.649256336,1.528752124,0.68716517,-0.1224264
-0.096546378,-1.061429559,0.99122716,-0.253778543,-0.75189628,0.493418324,-1.631207815,0.395060792,-0.986998272,1.455853119,0.760639341,-0.365878754,-1.869953222,0.152934473,-0.007236534,0.66825587,1.874366463,-1.451261258,0.691098785,-1.177263472
-0.418841145,-0.721355349,0.95769788,0.079251763,-0.940505276,-0.378433588,-0.457246288,1.750218616,-1.849151895,1.622490264,1.068484287,-0.82725587,-1.342244518,0.040237474,-0.700457086,0.368005512,1.934287876,-1.557127202,0.608473496,-1.632420203
1.243749162,0.258715935,-0.405630337,-1.567448929,-0.169435835,-0.74199796,1.582575339,-0.081164423,0.725738521,-0.052324058,-0.601737872,0.22032019,0.891360855,-0.506149231,0.298291386,-0.889784428,0.567456523,1.404969153,-1.222821218,-0.982551128
1.761679951,0.482665429,-0.336594999,-1.409668786,0.301047717,-0.695445466,1.332853355,0.828437647,1.551591582,-0.295156931,-1.112687646,0.416679329,0.812236507,-1.051049266,0.2907221,-0.959026739,0.385843238,0.66544646,-0.931311564,-1.317301116
1.693392986,1.004252148,-0.206591996,-1.173150715,-0.237201269,-0.462093662,1.782641232,-0.204580165,1.188944631,-0.060480373,-1.009975819,0.393873101,0.443198293,-0.111049968,0.432968906,-0.360101563,0.056849619,0.938881396,-0.945819662,-1.121106906
0.063503637,-0.904413113,1.834231232,-0.078230215,0.515814821,0.275979811,-0.484069857,1.466290899,-1.219678166,1.833705715,0.726281667,-0.841447885,-0.941989155,0.215276592,0.025995245,0.385379446,1.961792837,-0.464781535,-0.048156482,-2.021930249
-0.343451221,1.871404547,0.763223084,0.11938035,-0.95132646,-1.33938669,-0.972910732,1.30131338,0.13238735,0.864575009,-1.494203024,1.037373024,0.718092717,-2.046208911,-1.769289584,-1.31801933,-0.340302509,1.326478465,0.228206911,0.029004255
-0.174451057,-0.904161942,1.079919023,-0.618869323,1.615113993,0.33161379,-1.407513717,0.425748194,-1.690065499,2.00931902,1.085202098,-1.349310665,-0.599392471,0.405655923,0.669206507,-0.073406944,0.462662427,-1.623183836,-1.130805708,0.457887861
0.317126709,-1.483500628,0.115824214,-0.004696504,-0.194147039,1.200013745,-0.957160151,-1.485826709,-0.815857903,-1.201069064,0.003968653,-1.078618547,-1.44955059,0.991771991,1.054090343,1.160734265,0.18078727,-0.512017413,1.298673037,2.298603973
0.848360043,-1.70697916,-0.633720403,-0.310843289,0.818591164,1.04614106,0.281736976,-1.44990821,1.009035525,-1.060126906,0.296817255,-1.050403254,-0.60628929,0.599462661,0.837363641,0.432051372,-0.343016298,-1.608171506,1.451089238,2.167759489
-0.555981304,-0.446656346,1.65165015,-0.85333635,0.578967557,0.750794715,-1.018411993,1.783325936,-2.23813836,1.184681945,0.899574892,-1.343145232,-1.152355927,0.482827774,0.211307677,0.705666615,1.382388639,-0.803466143,0.578251824,-0.318353159
-1.285014916,0.214102176,-1.345934341,1.699386296,-0.496605651,0.512521216,-0.051119574,-1.073074277,-0.038164847,-0.505161261,1.242384929,0.777985085,0.97037524,0.716266694,-0.351872736,1.003205403,-1.176424492,-0.423837248,-0.842351454,0.542009914
-0.400909004,1.366128318,0.975284268,0.392842197,-1.052980167,-1.308235568,-0.535719608,0.649132362,0.719320462,0.341090552,-1.352221496,1.270934801,0.744143334,-1.863953332,-1.721995991,-1.806901785,-0.586117184,1.525955738,0.572676019,-0.04079453
0.480216715,-0.882793243,-0.415448373,0.122011528,0.763119237,1.353738549,-0.381895791,-1.458401827,0.531989441,-0.674149106,0.314882238,-0.970736372,-1.125621828,0.659516282,0.617056416,0.431553143,-0.859537171,-0.019469099,1.425808035,0.880142823
-0.218173602,1.605955222,0.935049164,0.336892444,-0.960277078,-1.288804678,-0.752741645,0.986471704,-0.198096781,0.789125025,-1.308767844,1.007443413,0.85774019,-1.788942803,-1.431067383,-1.506435159,-0.228416263,0.990637762,0.731775591,0.17283302
2.149897142,-0.081671293,-0.232214161,-1.131528542,0.383943789,-0.643945014,1.996866032,0.170813859,1.003455508,0.00404769,-1.067628661,0.160765517,0.711917159,-0.637441184,0.082991624,-0.560102685,0.220901064,1.26000453,-1.001959702,-0.253981507
0.404009576,-1.456304652,-0.39109645,-0.626543135,2.438559269,1.16656622,-0.586190568,-1.204127284,0.447614785,-1.251613824,0.177190454,-0.622608035,-1.318685491,0.875756934,1.380716009,0.153775679,-0.223997676,-1.195013464,1.649240866,0.712391819
-0.516788191,-1.000709725,1.960646437,0.51454783,-0.05813125,-0.097431472,0.061983097,-0.173464859,-1.827990239,1.099820114,0.383699472,-1.213546143,-1.496051107,0.54368167,0.162795592,0.15543811,1.324487677,-1.093801995,0.583870115,-1.012454325
-0.436806559,1.620230817,0.740687651,0.400570158,-0.949364126,-1.439882283,-0.870386307,1.378262312,0.289944498,0.227335238,-1.053823542,1.171630909,0.839570081,-1.452277294,-1.975902387,-1.757273604,-0.451661857,0.936092295,0.863548435,-0.198087429
-0.363592957,1.255941106,1.052282775,0.25780359,-1.551282293,-1.822621818,-1.31726741,0.745587276,0.165883077,0.897852538,-1.319769062,1.197663605,0.836172447,-1.716637756,-1.711789052,-1.896964059,0.025576598,1.963878466,0.021743253,-0.174405234
0.252614336,-1.355848711,-0.800881956,-0.395453137,1.53772362,1.494674765,-0.020169663,-1.40997735,-0.408233019,-1.122645655,0.293541356,-1.192072509,-1.10647542,0.999437763,1.597343753,0.801040021,-0.681705063,-1.051933642,1.403377317,2.291876144
-1.096016589,-0.267451531,0.872624022,-0.458975147,0.930785049,-0.573760932,0.032504049,0.685631759,-2.106550192,1.305721154,0.512032364,-1.011169985,-1.431385671,-0.293382711,0.274201064,-0.242818609,1.686838271,-1.530455064,0.009110623,-0.628649789
-0.053925545,1.505507174,0.998652837,0.589830003,-1.044349801,-1.262355512,-0.79436777,0.528934899,0.447805654,0.343557114,-1.043992117,1.388309034,0.597401372,-1.780512247,-1.86572859,-1.789751935,-0.498519308,1.59716739,0.848150653,0.736900507
0.093643073,-1.469599984,-0.201366943,-0.089026838,1.548732146,1.61173175,-0.690871334,-0.960755249,0.184627619,-0.940777856,0.285065477,-1.329033118,-0.992510862,1.220023449,0.96824942,0.663702769,-0.816029174,-1.958455297,1.538153463,1.729500371
-0.84464161,-1.535352452,1.32662073,-0.187838367,0.178657266,-0.299427864,-0.186147462,1.336760416,-2.219548816,0.925784713,0.731014719,-0.48285585,-0.787010175,0.699585643,0.022432226,0.771502712,1.316516412,-1.300433383,-0.762222142,-0.823132043
1.409886592,0.130497949,-0.232514493,-1.752345318,-0.787413014,-1.100697898,1.663129476,-0.938172579,0.71782694,-0.226861727,-0.904571024,0.226128612,0.540618317,0.129692693,0.402172777,-0.35459943,0.145033437,1.741548499,-1.219788492,-1.04944572
0.265717124,-1.496935291,-0.559267464,-0.129428384,0.575680675,1.293434024,-0.902382945,-1.368796395,0.099421742,-0.762078524,0.194193709,-1.739303303,-1.530020934,0.920437847,1.29726039,0.663061735,-0.30278667,-0.411996079,1.262893394,1.729177109
-0.105835259,-0.807830722,1.847191684,0.149327546,0.761191706,0.568702459,-1.117693866,1.098103822,-1.505421042,1.599846191,0.821666353,-0.953412162,-0.528565707,0.424085595,0.609248642,0.249095708,1.925054173,-0.519162209,0.386995393,0.416424387
1.321282969,-1.313183202,-0.108063792,-0.297519629,2.186787134,1.280771367,-0.466285888,-0.235509552,-0.002356788,-1.489837547,0.132164206,-0.940406409,-0.781239041,0.899096499,1.600179821,0.089404154,-0.508885662,-0.888146833,1.369649648,1.282316493
1.759425691,0.296548766,-0.429492629,-1.403866548,0.229626443,-1.02088011,1.991780699,0.408242375,0.981086322,0.215725257,-0.924518135,0.571616015,0.29531488,-0.979584748,0.597424273,-0.308305411,0.274567708,1.512050157,-0.774793315,-1.358847955
1.848212068,0.251514725,-0.343516137,-1.754351162,-1.33659065,-0.546795998,1.284412029,-0.411120348,1.538130033,0.116743491,-1.057172034,0.157688666,0.659645974,-0.095788131,0.268011394,-0.737542952,0.351345617,1.010164181,-0.787223967,-1.547215396
0.092116079,-0.49686177,1.305409997,-0.954777355,0.969941516,-0.058045705,-0.775553786,2.378949508,-2.0041254,1.607576702,0.873702861,-0.996391944,-1.178801122,0.526255941,0.301220203,0.322955659,2.165062567,-1.694799025,0.623975449,-0.288122704
0.91122098,-1.550654898,-0.612186357,-0.658778424,0.940120887,1.579717879,-0.34116466,0.354258029,0.214914496,-1.181461312,0.335193967,-1.370914958,-1.130881075,1.251645929,1.187955741,0.34195759,-0.687872667,-1.165301872,1.447790659,1.964349082
-0.266095935,1.975373818,1.405524798,0.340117888,-0.888001782,-1.395718463,-0.864412999,1.071770796,0.352434939,0.179488877,-1.152612454,1.201442384,0.788576065,-1.273540831,-1.71936038,-1.664102437,0.127056019,1.118393125,0.37538413,-0.02218127
-0.191063733,1.372142205,1.034943309,0.347573227,-0.713359072,-1.856556892,-0.855352796,0.958554794,0.353585511,0.683987147,-1.434237069,1.038627122,0.798443751,-1.902559892,-1.503543129,-1.7173639,-0.978016922,1.353324276,0.368005375,-0.438153446
1.659473558,0.657482094,0.098608719,-1.138811672,-0.046397531,-1.271232891,2.202668536,0.344500699,1.027620419,0.138999878,-1.082462135,0.815205778,0.45009405,0.094812205,0.729395234,-0.03305705,0.314407454,0.98693599,-1.284675854,-0.550351253
-0.451441318,0.003084702,0.994933829,-0.227445794,0.145332013,-0.339936077,-0.749851344,0.822657403,-1.839081603,2.182025354,0.45187545,-0.683805869,-1.095049228,0.424456691,-0.124766711,0.003013659,1.218744191,-1.991341368,-0.206892304,-2.041353409
0.285441894,-0.922005724,-0.392802032,0.107808204,0.792315344,1.540980277,0.230079993,-0.108350164,-0.199663621,-1.25092163,0.210582839,-1.138950737,-0.925494425,0.679955719,1.202170522,0.201300508,0.014192594,-0.926462061,1.445737787,1.062904541
0.592742081,-1.085373649,0.93566985,-0.724411313,0.190745942,0.311632623,-0.112889703,1.140496267,-2.269750546,1.19754208,1.092862971,-1.141539987,-0.957392148,0.443044684,-0.126643565,0.338757314,1.064303431,-1.208450097,0.288234317,-0.434050094
-0.448180248,-0.75955261,0.940410802,-0.359232204,-0.618130902,0.042094827,-0.722806471,0.663912547,-1.243714299,1.391879148,1.049480798,-0.607163083,-1.051883754,0.722746995,0.396903087,0.784760917,1.509804261,-0.411485195,0.362315546,-1.240267479
-0.628516203,-0.906087773,1.178250222,-0.492418221,0.552600627,-0.020476664,0.054358785,-0.022339479,-1.63894353,1.087611758,0.888559829,-1.061398055,-1.271982619,1.010349234,-0.090786075,0.688409466,1.22045211,-0.89873882,-0.239299283,-1.533003715
1.741365652,0.806077747,-0.192248622,-1.395442886,0.427718542,-0.728792105,1.521661034,-0.243323328,0.782037972,-0.043776504,-0.748360514,0.623257016,0.366259352,-0.360516447,0.274749063,-0.505590547,0.892491023,1.034444714,-0.331409602,-0.375899766
-1.33666629,0.118280048,-0.98472377,1.565020077,-0.253612365,0.436504821,0.26785949,-1.066105492,-0.036983732,-0.737210072,1.433314763,0.458566636,0.74308445,0.695534219,-0.139799606,1.090892125,-0.995919822,-0.308358189,-1.087389479,-0.333281423
1.212041783,0.493938818,-0.353363051,-0.64128631,0.835473004,-1.093950642,1.477812065,0.887449965,1.589815425,0.07316212,-0.984338068,0.562809702,0.267551071,-0.480511058,0.43873567,-0.683879049,0.242949463,1.211432142,-1.136240217,0.097655201
-1.047793379,-0.310110902,-1.161370475,1.942405111,-0.416845033,0.80354664,0.341344762,-0.957677113,0.016718504,-1.001830424,1.157997248,0.671638374,1.096389337,0.88288514,-0.309217996,0.986737007,-0.897970169,-0.349980952,-1.015777037,0.412834763
0.783517322,-1.193621315,-0.555933669,-0.435817639,1.141349668,1.484626932,-0.385515923,-1.712768264,0.441840946,-1.205113055,0.240000291,-0.775483572,-1.118218689,0.989419053,0.86404634,0.528895051,-0.196576976,-1.518574125,1.443169027,1.240498646
-0.751874902,-1.070312479,1.687789696,-0.285356144,0.236846707,-0.197071697,-1.780534254,0.448367604,-2.028708504,1.525056615,1.618952875,-0.786935658,-0.510414881,0.772529804,-0.06941781,0.597018432,2.347899038,0.119796373,-0.030267133,-0.777285209
0.444994657,-1.801935146,-0.749819119,-0.735927565,1.27659812,0.786900421,0.000222308,-0.889224026,0.013055678,-1.035006753,0.442916704,-1.146363999,-1.27498641,0.389966768,0.883424865,0.515340677,-0.282779756,-0.936950985,1.672167909,0.910474308
-0.01369389,-0.832745737,0.698286488,-0.313436367,-1.549120613,1.231256183,-1.080207808,0.739679669,-1.569023319,1.225524277,0.589755506,-0.965298941,-0.851418978,0.698297346,0.827193389,-0.044895209,1.636397163,-0.914505779,0.4058447,0.234572382
-0.196898731,-1.690230873,1.66181017,-0.934041856,0.067085002,-0.113274669,0.266704691,1.875611648,-1.98735755,1.334813671,0.786539515,-0.809566284,-1.302791272,0.138306396,-0.062312028,0.381509491,2.115055491,-0.7825353,-0.099802135,-0.489988721
1.375478188,0.418673827,0.209366861,-1.529237751,0.259089812,-0.984415896,1.793734342,-0.622223902,1.520799696,-0.035902912,-1.146537863,0.613779021,0.510859749,-0.21224904,0.084634387,-0.482747996,0.658976948,0.697506505,-1.359173582,-0.980347528
-0.27352305,1.34210321,0.619031122,0.60577918,-1.069150314,-1.765445554,-1.141944927,1.607290675,-0.055165414,0.876028402,-1.434783059,1.348627701,0.661970282,-1.524436185,-1.844333838,-1.697057893,-0.465940812,1.00035293,0.704697949,0.075470419
0.232963234,-0.246754289,0.889331784,-0.424574643,-0.336379066,0.267149873,-0.615656077,1.508365065,-1.94500578,1.209374898,1.060616422,-1.210737448,-1.501515478,0.237308802,0.006100187,0.87753382,1.96245119,-0.446397675,0.521482762,-0.201654389
1.4827939,0.740276295,-0.074256298,-1.255220141,1.205300333,-0.79186837,1.722782672,-1.294665153,1.170366949,0.165667599,-0.640571001,0.204190345,0.728642966,-0.085211069,0.493834705,-1.018753757,0.473534927,1.100214025,-1.388179625,-1.045655716
-0.144811952,-1.123730768,1.59070536,-0.211362966,-1.469638879,0.794719837,-0.552367764,0.645059789,-1.804281418,0.777364213,0.8743758,-1.095637455,-1.33831837,1.06669698,-0.39795349,0.131291235,1.188884718,-1.194800162,0.237103857,-0.529481032
-1.566888552,0.080707215,-1.25202607,1.53548456,-0.131624857,0.721461032,0.198637071,-1.050959774,0.144460631,-1.111975198,1.213898136,0.684360697,1.105250039,1.068773436,-0.223366766,1.335540078,-1.448534821,-0.041891378,-0.774602506,0.295224555
-0.605076434,1.394295319,1.132455239,0.82762205,-1.145271998,-1.293403106,-1.180096024,1.575752517,0.365119424,0.969405206,-1.402495069,1.100679703,0.823432163,-1.518089769,-1.768655988,-1.736944584,-0.101136267,1.57348628,0.273422956,0.825216423
-1.599546984,-1.297502879,1.432105585,0.451447147,0.485314385,0.442819559,-0.601157593,1.898576558,-0.875621377,1.200493873,0.19724975,-1.889929935,-0.84853193,0.46088875,0.22734835,-0.414101231,1.272741235,-1.180561025,0.219409856,-1.115965293
-0.116794626,1.681225897,0.804513996,0.504877313,-1.44326868,-1.708503957,-1.02693901,1.530116458,0.510536896,0.706263762,-1.187806353,1.319678111,0.740239642,-1.657239607,-1.518918201,-1.433763646,-0.100776274,1.48457961,0.623823064,0.887567999
-0.519606571,1.429250917,0.793442256,0.52210826,-0.902799206,-1.39669236,-0.801009174,1.5630466,0.354971662,0.410121189,-1.622129202,1.305255894,0.616644307,-1.712913271,-1.849858551,-2.086045354,-0.338045944,1.563499891,0.375579397,-0.626128435
0.602714518,-0.764687372,-0.92143616,-0.13365013,0.58539656,1.129528336,-0.643660045,-1.205091809,1.09949704,-0.99980172,0.526686903,-1.05821654,-1.438222178,1.069640057,1.468633471,0.35954742,-0.028194261,-0.664077017,2.106206795,0.871717229
-0.072934261,-1.360262326,-0.631045834,-0.220911219,1.349713765,0.887508065,0.029375782,-0.819462482,0.263007251,-1.200644803,0.161151656,-1.169948244,-0.946660044,0.473109757,0.886936879,0.508269998,-0.308737527,-0.352119327,1.206590223,0.848802494
1.591938669,0.304295236,-0.601153346,-1.174002334,0.627777908,-0.810839931,2.17750358,-0.313980038,1.207482739,0.113125009,-1.083643142,0.425477379,0.12282764,-0.447265579,0.063733485,-0.90206134,0.123816936,0.566853874,-1.10160723,-1.273937595
-0.350532424,1.619930937,1.252898302,0.572845677,-0.802267306,-1.316575265,-0.954237388,0.889673494,-0.030614687,0.380588168,-0.957987207,0.992015206,0.797945831,-1.799504959,-1.63573686,-1.451055693,-0.126263614,1.181956647,0.366531291,0.288564913
-0.382581055,1.723635406,0.764023464,0.57680183,-0.459755227,-1.415333403,-1.09757476,1.072190369,-0.004175116,0.537034738,-1.295555129,1.016147826,0.778964741,-1.507141932,-1.745929053,-1.24148307,-0.227558329,1.560330609,0.254269939,0.599185321
1.524637837,0.56962672,-0.403127197,-1.555813023,0.982535073,-0.469929355,1.731814351,-0.151300199,1.558429617,0.128709758,-1.302531405,0.440756217,0.548793412,-0.179254037,0.571371015,-0.023723056,0.225391733,0.523230844,-0.754136037,-1.40297149
-0.458182131,1.585989809,1.182900589,0.56607273,-1.343541919,-1.389665303,-1.199785503,1.443364441,0.272178985,0.561358744,-1.391333274,1.045133771,0.837412463,-1.488683288,-1.849068628,-1.59077774,-0.834895545,1.00537968,0.537942107,0.004103058
1.02745726,0.734792726,-0.236773552,-1.419693299,-0.001604532,-0.589108499,2.200267946,-0.485956293,1.292024051,-0.200221078,-1.045525052,0.468785681,0.60075962,-0.279124419,0.61036172,-0.799456397,0.135821645,0.70594153,-0.560928047,-1.451345756
0.28929054,-0.8056761,-0.511380002,-0.586891552,1.928508207,1.022706269,-0.037381835,-1.115144163,0.184370697,-1.10333058,0.40353519,-1.749340035,-1.285672032,1.143765634,1.133325502,0.502105875,-0.929271401,-1.284583357,0.821016568,0.937771447
-1.60485234,-0.247212345,-1.48297248,1.551942748,-0.731734419,0.51593028,-0.198736091,-0.560603544,-0.102873716,-1.100688958,1.187195707,0.760038346,0.947703881,0.554004028,-0.072900984,1.208175652,-1.511236379,-0.247062685,-1.154530507,0.433777013
-1.33801206,0.026656245,-1.316835137,1.581057334,0.016084124,0.715246029,0.467160127,-1.681035537,0.043313877,-0.724474141,1.367582143,0.547091344,1.055129912,1.056083601,-0.003519276,1.002762349,-1.168298477,0.110486946,-1.411121944,0.096564594
-0.599303009,1.702515314,0.90359846,0.488638527,-1.38978802,-1.605564811,-0.395149653,1.281449048,0.390060029,0.527854634,-1.390196323,1.459401744,0.572999834,-1.774159641,-1.733783723,-1.580790553,-0.480852989,1.415618124,0.591059287,0.415716832
0.899692392,-1.710295364,-0.20377206,-0.716780899,2.179060563,1.197234154,-0.141292482,-0.989148953,-0.326432163,-1.433879495,0.487736672,-1.10323036,-0.761688072,0.988821221,0.907170879,0.449689615,-0.406831861,-1.803982408,2.037790044,1.461432935
0.486096936,-0.924688153,-0.395208988,-0.079608191,0.6196578,1.157961492,-0.608671213,-0.444367481,0.113743865,-1.049642948,0.545180748,-0.984458446,-1.050141539,0.638358524,1.189240041,0.513158197,-0.570677155,-1.016425711,1.174473695,0.13694908
-1.164538381,0.376859764,-1.337411079,1.179812878,-0.289630346,0.77115954,-0.01613697,-0.459853362,0.034074188,-0.945615237,1.26559646,0.465304883,0.986585932,0.685835798,0.061735357,1.457492375,-1.572099932,-0.784648564,-1.052749039,-0.003659104
-0.344199453,1.565909428,1.035082891,0.383283672,-0.962994208,-1.563152254,-0.711823327,1.42670683,0.047656868,0.783260379,-1.323943222,1.376396649,0.827314549,-1.345370951,-1.712727628,-1.676892327,-0.390984004,1.092535122,0.671547308,-0.19551444
1.201878872,0.50089248,-0.052638571,-0.989230229,0.060969008,-0.70338745,1.991520365,0.13354656,0.996966381,0.361401208,-0.772251777,0.694327194,0.761227646,-0.26044067,0.169820995,-0.528188879,0.001522123,0.996869819,-1.054693924,-1.019413955
-0.6425124,1.451315861,1.034231992,0.421675387,-1.431340773,-1.419592913,-0.696570703,1.02315384,0.175147535,0.653483347,-1.462794199,0.993156104,0.697473282,-1.684560986,-1.558080874,-1.316588743,-0.212843175,1.320300568,0.528066523,-0.193531241
-1.449323104,0.004241776,-1.279949078,1.839590966,-0.070121378,0.820866994,0.195449957,-1.117384833,0.055321558,-0.824462323,1.223507712,0.585384125,1.073568398,0.574997025,-0.107460075,0.827666319,-1.128997618,0.20379182,-0.948301089,0.438172489
1.443175525,-0.10403084,-0.145179525,-1.518476963,-1.055965061,-0.779229485,2.000162011,0.07837004,1.665591309,-0.301552075,-0.952376286,0.249033145,0.230014745,-0.202409995,0.619152389,-0.423772698,0.601012661,0.577288597,-1.383974712,-1.106580681
-0.412669086,-0.059847736,1.311538371,0.278637965,-0.043898678,0.00788445,-0.01826097,1.103277905,-1.874362928,1.472281243,0.611709289,-1.728229628,-0.95235072,0.86792552,0.91124332,0.420518045,1.402054437,-0.322062751,0.571267452,0.258922545
1.362389177,0.299805239,-0.433433323,-1.319224301,0.896384812,-0.094267744,1.813090629,-0.468647635,1.130900472,-0.090039896,-1.158904282,0.156670292,0.936896005,-0.407277628,0.130056544,-0.246424501,0.029446441,0.339647843,-1.423624718,-0.17389003
1.401053621,0.226129414,-0.802107031,-1.228283952,0.074302227,-0.697017194,1.557462278,-0.428275516,1.120706289,0.003835642,-1.104234121,0.081079018,1.089528477,-0.826259218,0.500512541,-0.994322264,-0.118124705,0.903702697,-1.081471105,-0.462777188
-1.311396208,-0.397100444,-1.172737391,1.563637562,-0.421167011,0.793646759,0.052126171,-1.025222535,-0.060083352,-0.612679567,1.183760864,0.588619036,0.874004933,0.798374243,-0.207417936,1.03192151,-1.492877111,-0.740522777,-0.90208017,0.831439417
-1.150260917,-0.021986988,-1.572885411,1.68486616,0.296146276,0.640160136,-0.048450864,-0.714348407,0.368810583,-0.87378989,1.054827337,0.697310479,1.151883103,0.669846997,-0.325809732,1.217824649,-1.079069019,-0.490889677,-1.044920546,-0.024856954
-0.534471174,1.677957687,1.043933435,0.443562561,-0.51328258,-1.409847868,-0.745904119,1.103839832,0.257620132,0.465595836,-1.660673608,1.205348558,1.011850475,-1.556141091,-1.48345578,-1.359758695,-0.450011254,1.44877873,0.295829021,0.083208763
0.67889103,-0.817692995,-0.671068484,-0.297988371,1.472264748,0.796266382,-0.306905428,-1.599791693,-0.391516175,-1.071517086,0.141072591,-1.113628354,-1.147057854,0.544925249,1.098028573,0.309433945,0.180104253,-1.424558813,1.287815212,0.575983283
-1.183857648,-0.079314435,-1.436281896,1.393087146,-0.86594156,0.555691957,0.026608891,-0.831157285,0.046035234,-0.828450836,1.387733817,0.662351857,1.073479791,0.325585454,-0.900919009,1.165056804,-1.465437379,-0.324631238,-1.031923596,1.021663675
1.391038006,0.505273118,-0.507451648,-1.445005439,0.607501226,-0.839041789,2.289753952,-1.017679935,1.579194052,0.0770283,-1.163264073,0.245570328,0.242291758,-0.706274427,0.653070419,-0.514596598,0.847382449,0.656129042,-0.817422373,-1.354774219
1.417278573,0.3922365,0.237568294,-1.396789244,-0.26477382,-1.098393784,1.315664279,0.004737809,1.356453624,-0.104226687,-0.971882063,0.249112063,0.640384519,-0.277740224,0.30960999,-0.013132747,0.32054203,0.856763387,-0.851411362,-1.106501446
1.79500597,0.202414528,-0.4647683,-1.153212667,0.267416493,-0.551458679,1.485934048,-0.638502038,1.482985677,-0.204095309,-1.072613681,0.620566567,0.472418025,-0.344877705,0.431238361,-0.528342609,0.335799908,0.611388034,-1.319543984,-0.731405909
0.220162229,-1.454276896,-0.496412757,-0.730119297,1.87944721,1.26148539,-0.160928306,-1.376638769,0.166510313,-1.078988804,-0.004275306,-1.320221173,-1.278204117,0.656421046,0.487489163,1.09510323,-0.604902125,-0.182193793,1.843137926,0.344889614
-0.445783809,1.668340914,1.19633627,0.513158903,-1.04584423,-1.371386532,-0.75626327,0.683387305,0.501118347,0.736160782,-1.44243262,1.193008811,0.785261432,-1.700102282,-1.552079435,-1.10443827,-0.704239753,0.898779447,0.642795787,0.552889771
-0.330921875,1.609762877,1.022650932,0.104207767,-1.407084533,-1.176864705,-1.083121751,0.615013508,0.170312401,0.92961493,-1.058078506,1.133374648,0.860302473,-1.763460953,-2.045237,-1.853458681,-0.035770414,1.313247135,0.393464595,0.100396786
1.805993624,0.280541603,-0.467385049,-1.521602601,0.565798448,-0.557639314,1.608136608,-0.700203633,0.97120867,0.208014571,-0.937696801,0.427155073,0.392377218,-0.992483369,0.66749632,-0.430818059,0.80637424,0.686567559,-1.143654786,-0.703677182
1.263371407,-1.377708333,-0.089935374,-0.184507031,1.742825485,0.55127989,-0.353281671,-1.137947556,0.440572044,-0.921593722,-0.232994521,-1.172741088,-0.841645641,0.888760069,1.334058646,0.773188832,-0.171610935,-0.913498626,1.079742043,0.524462182
-0.714028174,1.588173602,1.293622807,0.491757472,-1.319962743,-1.557503635,-0.939327898,1.70995638,-0.336303892,0.918772515,-1.457467611,1.128110714,0.639310144,-1.57697451,-2.042203213,-1.513874001,0.083626973,0.775788423,0.500175888,-0.065867754
-0.121519406,-0.680373561,1.365303166,-1.442724131,-1.181150744,0.230754365,-0.24505507,0.996030242,-1.989410862,1.658908926,1.104511208,-0.719942399,-0.987746089,0.253177032,0.713304326,0.361196188,1.771024233,-0.784543167,0.139514366,-1.559913069
-1.439347223,-0.133042038,-1.426279402,1.529084784,0.344592874,0.431209393,0.444567727,-0.870376422,0.006940631,-0.962284845,1.181696601,0.517157768,0.947218043,0.625630924,-0.158016091,1.374561584,-1.512476011,-0.442629208,-0.977527278,-0.004054446
-1.147681614,-1.053023769,1.393311019,-0.218102668,-1.384722421,0.665047111,-0.257578589,1.2805708,-1.196332596,1.596263535,0.83943056,-0.580199159,-0.914908707,0.198479046,0.465015687,0.072903781,1.728110439,-0.651845797,-0.332281785,-1.026512448
0.44869801,-1.26357348,-0.669967753,-0.15797788,2.031154524,1.494991459,-0.768033823,-0.255512749,0.045222074,-1.04456577,0.069966757,-1.086440475,-1.031632678,0.420522867,1.403538051,1.075015065,-0.416894739,-0.238826961,1.340515772,1.736727434
1.570745778,0.447211553,-0.246911036,-1.739146481,1.057017325,-0.059131479,1.808026556,0.876810154,1.188141669,0.024106046,-0.774041667,0.332641481,0.315042848,-0.931776088,0.998654801,-0.611556805,0.442046768,0.4501537,-0.69877309,-1.415025889
-1.589942659,-0.18721622,-1.235212118,1.541872088,-0.310674838,0.789181398,0.281265789,-0.603355805,0.011131507,-1.025731199,1.467599097,0.693805325,0.99256975,0.390821289,-0.230472137,1.010797208,-0.87555215,-0.53176712,-1.331200992,0.810721626
-0.339286082,1.748607002,0.700191995,0.657536361,-0.469560293,-1.496706418,-1.392444335,0.70275325,0.443129636,0.570973559,-1.42316953,1.092984207,0.909027702,-1.677908722,-1.721688352,-1.670133875,-0.369084873,1.026139418,0.867905527,-0.079798463
1.661007668,0.650941521,-0.133266441,-1.244751876,-0.601009789,-0.938629822,2.022411471,0.264221933,2.013529075,0.174206747,-1.287945826,0.331517853,0.976111915,-0.478126192,0.37937008,-0.819914382,1.062237809,1.014320698,-1.213202424,-1.494528415
1.485351666,0.383868875,-0.249106261,-1.484626745,0.96828134,-0.497786944,1.911892675,-0.099908585,1.500819482,0.049555434,-0.906003671,0.68491465,0.850999101,-0.842136252,0.179724997,-0.650324827,-0.008579593,0.93487737,-0.907771527,-1.090119994
1.274195324,-1.528902162,-0.549168751,-0.261200076,1.830073952,1.037180054,-1.348389572,-0.390186829,0.363418743,-1.598056908,0.137758978,-0.777748375,-0.836670836,1.182562101,0.986242808,0.668860498,-0.469353282,-0.381996097,1.137881922,0.773480766
-0.148310372,-0.658877262,1.044542298,-0.608089554,0.6160685,0.174440943,-0.472459055,0.608115598,-1.256784383,1.231109416,0.70021876,-0.852501386,-0.988687282,0.244061575,1.062176008,0.401093861,0.977426004,-0.728005404,-0.019273302,-0.69919827
1.753307234,0.339649895,-0.519782814,-1.273180783,-0.001841367,-0.740299466,1.005814889,-0.622251764,1.002920142,-0.017290525,-0.957021494,0.506566435,0.648767829,-0.775974992,0.820072335,-0.093421586,0.047957042,1.062816851,-1.23629611,-0.955137929
-1.253992983,0.139759845,-1.219184932,1.538568294,0.087599166,0.627667774,-0.089544435,-1.192638513,0.136681555,-1.094298717,1.325417432,0.559000965,1.182337018,0.635637616,-0.183838698,1.227517038,-1.082012603,-0.459088186,-1.082353865,0.522010091
-0.050128297,1.402621554,1.126659997,0.684818669,-1.631195367,-1.440719088,-1.697255204,0.666936959,0.102350834,0.391622673,-1.078444906,0.95369915,0.684608572,-1.757162781,-1.3389251,-1.894313866,-0.089955419,1.322128346,0.287804663,0.481212498
-0.367714604,-1.341885955,1.967126474,-0.641788354,-1.378465125,0.232204737,-1.031727843,0.76403522,-1.459059985,1.701744582,0.886169253,-1.215517669,-1.274092273,0.628969695,-0.423215262,0.622102786,0.712574112,0.350814481,0.045047404,-1.150549027
1.034008666,-1.848776599,-0.296719302,-0.564602175,2.183973932,1.246020578,-0.620622675,-0.718983031,0.475343041,-1.020204591,0.063440414,-1.268098208,-1.092326308,0.896535022,1.441296054,-0.08465771,-0.317976157,-1.029574393,1.2165369,0.869151281
-0.249921938,1.39249862,0.921339458,0.64549525,-1.922322218,-1.236955851,-1.074968024,1.356062621,0.071892595,0.358872782,-1.538444542,1.213158988,0.756984165,-2.023504596,-1.523532519,-1.949267272,-0.386833765,0.826526768,0.309379485,0.026419757
-0.561665822,1.662084974,1.03971657,0.635516522,-1.779234667,-1.724645703,-0.740647175,0.761705302,0.314244892,0.375092458,-1.192022142,0.887206841,0.846300953,-1.591368293,-1.853065732,-1.456060797,-0.251986408,1.158860392,0.22817992,-0.504636284
0.386267709,-1.394578143,-1.102573413,0.207877919,1.546659047,1.371514732,-0.326817033,-1.695449622,0.045372637,-0.932865097,0.018551918,-1.876211584,-1.110981926,0.908674468,1.265197117,0.90091019,-0.222913916,-0.80702124,1.765230914,0.376213148
1.234470733,0.394033934,-0.361073955,-1.185380454,0.433099549,-0.507525057,2.111143963,-0.049656833,1.361510507,-0.238921713,-1.13065321,0.699939672,0.783298338,-0.224374505,0.357699318,-0.218557885,0.117956618,1.31797749,-1.229201201,-0.045332749
-0.467122524,1.313822248,1.126782877,0.656072306,-0.737744245,-1.757390577,-0.540686725,0.620954101,0.383317764,0.983961806,-1.396101245,1.063230642,0.750757608,-1.828107024,-1.961510111,-1.514429313,-0.694061767,1.569861271,0.143774308,0.728389752
1.016075294,-1.086446261,-0.493776521,-0.147089718,0.534548259,1.855904484,0.433802745,-0.711823388,0.730052093,-1.347969544,0.051365718,-1.116671654,-1.029738111,0.761404391,1.317514676,0.697648042,-0.774826531,-0.56058487,1.759948108,1.232706865
1.424439816,0.479563953,-0.07561418,-0.997224422,1.20620426,-1.197726155,2.002338241,0.140372903,0.99975764,-2.73E-05,-0.781648648,0.299342354,0.682634155,-0.261113489,0.201645209,-0.567761598,0.603774868,0.524209092,-1.339012135,-0.981757299
1.014930807,0.686237773,-0.793007638,-1.460844585,0.144679427,-0.341985841,1.478597241,0.093786305,1.270230767,0.017597605,-0.751648384,0.193273444,0.763101629,-0.65209117,0.742988367,-0.41963665,0.37422544,0.653165558,-0.869370437,-0.296268921
-0.810622025,-0.828248931,1.25631018,-0.321338399,1.096262526,0.875220094,-0.901100627,0.757996819,-1.349180004,1.851199477,0.903511833,-1.008930639,-1.040369401,0.694949868,-0.188384692,0.424084574,2.085824458,-0.92080515,0.220102451,-1.032253761
1.090025586,-0.005773457,-0.594908011,-0.843560803,1.418280832,-0.576246486,1.919046656,-0.272023867,0.964457271,0.210553341,-0.650384508,0.251500113,0.588711754,-0.684823225,0.336990508,-0.162978073,0.08329648,1.126165857,-0.841619897,-0.931021225
1.686659504,0.345651644,-0.430117647,-1.489447251,0.556717002,-1.114209366,1.996343922,-0.649783966,1.503480556,-0.06043006,-0.729925723,0.607239897,0.897379485,-0.083382733,0.492880727,-0.826558807,0.248750313,-0.159969589,-1.386031396,-0.967059913
-1.067842314,0.206539098,-1.38250852,1.806520472,-1.122918703,0.482702202,0.217322207,-0.977402301,0.180367828,-0.795505957,1.251969195,0.481386028,1.100534315,0.967815797,0.010472728,1.265753996,-1.180070224,-0.34820369,-1.405468107,-0.003670801
-0.079323402,1.570291919,0.949396361,0.658327678,-1.446092928,-1.317922118,-1.514446431,1.499197666,-0.218367748,0.860700543,-1.317373268,1.197454691,0.66801707,-1.723842765,-1.327665322,-2.045018397,-0.095253599,1.374973851,0.216304235,-0.280419653
0.672961413,-0.99871432,-1.068776581,-0.245882465,0.510284119,1.057488264,-0.178005521,-0.749219599,-0.146908928,-1.200759259,-0.049810722,-0.939346821,-1.130569199,1.241784941,1.026363414,0.423880486,-0.621890443,-0.339364949,1.248394687,1.630669422
0.673426744,-1.382095713,-0.605258645,-0.327243446,1.160004905,1.441290209,-0.479989361,-2.038867805,-0.042471557,-1.026687125,0.213056241,-1.230148423,-0.853353904,0.737511972,0.641884037,0.584023038,-0.530827281,-1.168181619,1.389926617,1.467111011
-1.302280818,-0.360350102,-1.429557427,1.355432825,0.085651751,0.680251091,0.202564661,-1.294562448,0.009042155,-0.928896297,1.264250273,0.50565307,1.193446656,0.464634861,-0.313728801,1.361290258,-1.204332513,-0.568306413,-0.915524888,0.308764878
-0.41123486,1.637898016,0.921985243,0.552157378,-1.357742432,-1.673415753,-1.134697018,1.126332973,0.118589508,0.437762173,-1.261615861,1.243100404,0.833551096,-1.762589138,-1.568497708,-1.448600505,-0.326602025,1.094863753,0.434944158,0.444231591
-1.353263933,-0.060298804,-1.262326786,1.507901021,-0.535471547,1.273011439,0.029655003,-1.686084992,-0.187964249,-0.992736121,1.389888507,0.663313691,1.057070499,0.657093824,-0.252028742,1.007802743,-1.36887702,-0.015340724,-0.972742881,0.694142063
0.2331177,-1.074002132,-0.62442075,-0.175318296,0.211340894,1.143173035,0.062845957,-1.004513346,0.278638735,-1.05282807,0.564053078,-1.662449732,-0.952179104,0.853131463,1.081290195,1.036034462,-0.822386115,-1.194711254,0.714599271,0.573813069
0.941617773,0.829476301,-0.683180469,-1.642257771,0.253657073,-0.76955595,2.299196244,-0.139318297,1.283119467,0.020474476,-0.960254942,0.493762908,0.228237484,-0.50054018,0.757110959,0.509789121,0.16247261,0.86296155,-1.355689587,0.104624974
0.399661695,-1.437275001,-0.585599781,-0.165590098,1.224926265,1.034964698,-0.357362323,-1.220576668,0.142424923,-1.738989522,0.546700259,-1.180354362,-1.248055101,1.506349868,1.197528666,0.295395919,0.007702876,-0.708489736,1.614677191,0.936819633
0.03647821,-0.373494866,0.807884652,-0.924476858,-0.761076644,0.696923409,-0.025420762,0.251418082,-1.523833119,1.903661265,0.873633478,-0.677971421,-0.95980017,0.136477607,0.041292511,0.378118978,1.524631162,-0.489865782,0.447372222,-3.151743333
-1.171526058,0.017643647,-1.500279268,1.316403629,-0.148933279,0.806297804,-0.088265687,-1.108738817,-0.126260955,-0.805380259,0.821384404,0.576684257,0.960593813,0.968964121,-0.255554947,1.219358323,-1.162495419,0.076754833,-0.750089637,0.422492252
0.337869707,-1.144684368,-0.418227007,-0.661609313,0.916481306,1.518037719,-0.141276115,0.178640303,0.568799172,-0.94129678,0.079714795,-0.909262634,-1.160096347,0.773553418,1.174314922,0.900744155,-0.283944413,-1.192062971,1.659287891,0.93445873
-0.379087203,1.452828971,1.108050457,0.836764052,-1.26628988,-1.611749328,-0.83454996,1.19962846,0.190264971,0.770092715,-1.58892911,1.388505984,0.747556563,-1.790422674,-1.749311786,-1.629374159,-0.910485362,1.71361963,0.526871451,0.465960701
-0.473742803,1.078176127,1.018797121,0.20169887,-1.005589569,-1.298919532,-0.6066262,0.602450919,-0.432515151,0.617706329,-0.992120934,1.4880613,0.818287331,-1.7924919,-1.566691217,-1.821115836,-0.206202805,1.468999799,0.799466104,1.459452825
-1.014863597,-0.079117303,-1.464045756,1.526691211,-0.278511548,0.588843079,0.048888182,-0.792077338,-0.089551994,-0.837035641,1.056527881,0.587255392,1.062308943,1.093200393,-0.366958359,0.760534239,-1.135891173,-0.143251405,-1.135161624,-0.192831002
1.110715271,-1.39739133,-0.946215523,-0.104061905,0.495104972,1.118332342,-0.472548843,-1.109765123,0.380101337,-1.355536962,0.231374419,-1.122744378,-1.041852002,1.021880853,1.311794417,0.847235774,-0.253831232,-0.535860641,0.895898863,1.299914143
-1.09406434,-0.206590444,-1.222192527,1.347495768,0.186009711,0.738800907,0.255040835,-1.333170076,0.117975733,-0.762934132,1.410017897,0.759537974,0.988601836,0.525764261,-0.111842146,0.973354269,-1.354459334,-0.549479333,-1.258713859,0.064418143
-0.726481055,-0.950891211,2.087917741,-0.005157155,-1.405398124,0.997140452,-0.053615069,0.614332434,-1.563727695,1.484934649,1.206726632,-1.321409722,-1.212822343,0.323255551,-0.383765491,1.23133475,1.02302364,-0.583786203,-0.487214024,-1.314441366
-1.654951966,0.095485973,-1.300426701,1.785499215,-0.520697716,0.767394279,0.126097204,-0.509753253,0.156382376,-0.798713283,1.256238939,0.802814911,1.096064869,0.609952247,-0.407926295,0.978841446,-1.082179157,0.121561172,-1.202435482,0.107030914
-0.332814154,-0.52342631,1.178278357,-0.782935838,-0.107822548,0.774798936,0.116173169,-0.591649551,-1.192274484,1.466993047,0.937689594,-1.215304535,-1.692690783,0.720062312,-0.114431455,-0.06463818,1.05161899,-0.660458225,0.349853116,-0.326911956
0.283255033,-0.896994813,0.755032983,-0.587887477,-0.18005982,0.499679657,-1.14651791,0.280581985,-1.432168738,1.667668886,0.568449308,-1.512261742,-0.359124944,0.754833106,0.048316,0.645022117,1.494317943,-0.458074432,0.257216008,-0.913273806
0.887730799,-1.390339445,-0.753395297,-0.509422331,1.557984819,1.183184448,-0.132137397,-1.535121823,-0.066049696,-1.220621235,0.68895543,-1.215277998,-0.844213036,0.867367994,1.006645542,0.572180334,-0.444130996,-0.469067531,1.93492005,1.582496399
-0.291764305,-1.096292843,0.730439027,-0.878318287,0.2815771,0.974369795,-0.555319647,0.982488076,-1.221018961,0.892303165,0.797944262,-1.126268552,-1.147231141,0.362493671,-0.110568476,0.396442271,2.29621238,-0.548434527,-0.059203418,-1.912311742
-0.354081482,1.513356669,1.175092427,0.51618761,-1.412319808,-0.937842648,-0.957577408,1.467381128,0.017944165,0.684809564,-1.225432445,0.982927213,1.049467847,-1.493885184,-1.765629196,-1.832379335,-0.200393964,1.325209395,0.469783596,0.38685999
-0.001478996,1.759623787,1.13227487,0.591650176,-0.657555206,-1.609575632,-1.122386635,1.180968636,0.179358418,0.550385177,-1.128570195,1.415824374,0.784840697,-1.354134328,-2.004926721,-1.660088589,-0.53190145,0.830821753,0.420298808,0.114508904
1.715977666,0.541855144,-0.408514464,-1.347337541,0.51077414,-0.664437553,1.849990512,-0.571600253,1.165926494,0.451453588,-0.663631891,0.074905336,0.172276816,-0.455639268,0.645566594,-0.636429489,0.818082059,1.095170186,-1.131793331,-0.726350839
-0.835954873,1.469087123,0.811143068,0.649154952,-1.394334859,-1.394969188,-0.814914567,1.48474927,-0.093846584,0.519310429,-1.318192627,1.03354278,0.999487817,-1.661969428,-1.915440465,-1.322764489,0.050357897,1.517002966,0.12342647,0.037148898
-1.399382887,0.303271381,-1.534888118,1.574205471,-0.177254085,0.554142759,0.075460916,-0.930760124,0.119489787,-0.666358414,1.267841755,0.172921638,1.073883534,0.417336152,-0.156128913,1.303243023,-1.386519756,-0.416883397,-1.16184517,0.959074178
-0.59091306,1.596757823,1.202035326,0.0603381,-0.587183652,-2.004189861,-1.071148083,1.730152286,0.026276668,0.429637581,-1.28251388,1.528830929,0.484808137,-1.899629027,-1.329149187,-1.188743621,-0.394162027,0.92780206,0.930011443,0.745680781
-1.299987528,-0.172366686,-1.412116817,1.297932282,-0.12239682,0.549059083,0.113396959,-1.366723327,-0.217417136,-0.732432268,1.204332127,0.809576772,1.006208668,0.839784315,0.098106774,1.115430214,-1.462822292,-0.012077504,-0.891151239,0.477038641
0.293991616,-1.557081219,-0.375739988,-0.833645228,1.184418535,1.309652465,-0.468543026,-1.934393699,0.740047748,-1.160542657,0.586989229,-1.268751455,-1.312277123,0.945474955,1.038474338,0.200915528,0.126004893,-1.164178365,0.716848875,2.216720137
1.496577597,0.253027787,-0.225421159,-1.460918733,-0.416166737,-0.829326534,1.78719544,-0.521805796,1.024248424,0.245789977,-1.007533863,0.304610538,0.456237121,-0.395625313,0.06764182,-0.009177081,0.673457754,1.298545451,-1.006595957,-2.027636133
1.394472671,-1.193476196,-0.693628794,-0.718098428,1.310122277,1.195789746,-0.370250318,-0.988894875,0.34998693,-1.262354301,-0.108893107,-1.19457857,-1.674362363,1.002993255,0.906517824,0.691416435,0.099113846,-1.199297877,1.847895598,0.987963601
1.287666144,0.367434221,-0.198434732,-1.398308264,-0.578623954,-0.664667911,1.531118283,-0.403252742,1.565911482,-0.125745349,-0.657159867,0.817538541,0.449277951,-0.735579162,0.401320968,-0.194618808,0.258212098,1.179169989,-0.739275301,-1.323133246
-0.41367359,-0.729122529,1.556232597,-0.773229425,-0.150563281,-1.342003653,-0.492900986,0.614758702,-2.061626012,1.414005622,1.037055239,-1.258359153,-1.490306899,0.590190676,-0.351317949,0.068483019,2.020646453,-0.969940927,-0.611759371,-2.175904841
1.245441876,0.688290403,-0.990426241,-1.74632396,0.017686556,-0.121330273,1.863671334,-1.01745647,0.809705605,0.318259243,-1.093605336,0.248437801,0.858718558,-0.114170504,0.766276157,-0.704180883,-0.06387904,0.832120598,-1.082037989,-0.836345388
0.497027811,-0.897121258,0.956195825,-0.834743469,0.03263798,0.325591503,-0.731830309,1.287304895,-1.537567788,1.469353589,0.409597993,-1.299194219,-1.93560984,0.550376018,0.253735239,0.474679941,1.887991356,-0.899490749,0.186649782,-0.957748177
-0.398749939,1.535567931,0.829494126,0.548533409,-0.863762729,-1.857356115,-1.152460386,1.316325432,0.173059999,0.500779617,-1.280192501,1.276668486,0.682901474,-1.854462073,-1.706411376,-1.789956753,-0.272818783,0.881057589,0.606410082,0.448604976
1.577413403,0.075669377,0.021600996,-1.403379667,0.165842226,-0.539606608,1.898135703,-0.738763557,1.455257053,0.079724618,-1.141329184,0.251452898,0.495371425,-0.749010056,0.878257791,-0.054784557,0.613171685,0.614876201,-1.163685771,-0.73026039
0.149338129,-1.375582812,-0.802529168,-0.02992014,2.462007183,1.890997936,0.170773683,-1.060054138,0.015986821,-1.692099028,0.741008772,-1.076740507,-1.206711118,1.347294152,0.874316208,0.746702439,-0.451646398,-0.441890137,1.440730842,0.344894489
-0.294601406,1.567550291,1.504597893,0.675295597,-1.081944184,-1.68245572,-1.379217422,1.418322753,0.061405814,0.327731145,-1.374875264,1.018862819,1.065180184,-1.565756429,-1.621428881,-1.222264047,-0.406106683,1.060300334,0.768756451,0.423686632
-1.310235342,0.104464278,-1.203508817,1.220885159,-0.97552383,0.722330039,-0.203882472,-0.640345109,0.151294075,-0.771700425,1.150294107,0.849551731,1.250739315,0.744545228,-0.089946348,1.184739582,-1.165006483,-0.356656433,-1.033063007,0.866692726
-0.597178392,1.679390665,0.807526122,0.436030312,-1.610979425,-1.579546717,-0.900568262,1.144014104,0.088885125,0.484873515,-1.221362037,1.548632569,0.764271552,-1.370042365,-1.949835837,-1.655746459,-0.661444468,0.844358835,0.183640089,0.864259143
1.712466489,0.584898024,-0.524326894,-1.193280555,-0.84907793,-1.210207227,1.36052129,-0.448139774,1.413679134,-0.650869218,-0.729403679,0.504281524,0.321978254,-0.406733714,0.811013228,-0.413871704,0.863952256,0.377999588,-1.264208222,-1.602201914
-1.425236037,0.177904975,-1.228461308,1.504163579,-0.403931981,0.513531493,0.077668419,-0.784268759,-0.248823748,-0.744741284,1.2377349,0.716364454,1.181692724,0.457224283,-0.286257867,1.039950032,-1.693012466,-0.613736264,-0.60301994,0.753540049
0.865133302,-1.283334189,-0.428466118,-0.205136817,1.792777376,0.439751236,0.050330047,-1.035275005,0.380289864,-0.955944036,0.628512205,-0.793752211,-0.815624311,1.437274816,1.243769012,0.578806651,-0.06213063,-0.409514829,1.335034579,1.539375951
-0.127626,-1.549820772,-0.320686418,-0.094001173,0.997854381,0.876193409,-0.642060482,-1.091173592,0.401307947,-1.0146351,0.169113081,-1.508136845,-1.0572936,0.653254764,0.931583705,0.973547062,-0.12403247,-0.736855522,0.928293939,1.347775097
-0.44132546,-0.399234672,1.666431656,-0.580677213,-1.217899612,0.421549267,-1.311439412,0.647846331,-1.809764659,1.824020708,0.584026802,-0.739299942,-1.412182634,0.875146972,1.097669311,-0.161997049,1.661814982,0.56978038,0.232645682,-0.846745112
-1.351874815,0.218168461,-1.210132645,1.580773756,-0.15796394,0.778176993,0.124310925,-1.50291212,0.005640257,-1.025176734,1.431770905,0.696740471,1.031644641,0.910421619,-0.124287623,0.715280133,-1.285980846,-0.434676376,-1.309754586,0.210770276
-1.362472089,-0.156421663,-1.551228408,1.393645707,-0.483216649,0.635692684,0.534900543,-0.804764788,0.181325801,-0.736883706,1.354995521,0.248296554,0.985899505,0.994801371,-0.31812241,1.417308801,-0.833801552,-0.520577603,-1.11442418,0.141688703
-1.365482711,0.014454335,-1.742273055,1.778593742,0.048118857,0.330935624,-0.376383067,-1.068602991,0.046073195,-0.427251263,1.302278138,0.361214878,0.928924373,0.796082509,-0.174406393,0.776643855,-1.227295088,-0.51028655,-1.130688878,0.475083752
0.359928988,-1.3616471,1.517281041,-0.463520621,1.486314971,0.265404392,-0.689752669,0.695541732,-1.774175492,1.098907802,0.59615497,-1.673982183,-1.517120564,0.649702831,0.267658022,-0.429789581,1.456416097,-0.526721739,0.150297482,-1.451340051
0.386428878,-0.902127623,-0.550976389,-0.160605871,0.979140951,0.733898481,-0.302468848,-0.827007144,-0.105509286,-1.269271432,0.067179939,-0.952813745,-1.155436821,1.349771296,1.741113062,0.649322025,-0.777460969,-1.833169997,0.930730052,0.458197481
0.329815366,-0.571744329,-1.296398381,-0.40323745,2.468377791,1.132341462,-8.32E-05,-0.868739002,-0.082464097,-1.681827669,0.338647278,-1.429272517,-1.246745275,0.799147411,1.740044311,1.409481686,-0.278542776,-1.055933952,1.070002418,1.310076999
-1.350439032,0.08330236,-1.540378267,1.690418996,-0.230118351,0.708513302,-0.17752064,-1.075205448,-0.013066621,-1.035762273,1.010386375,0.539252808,1.117869778,0.618082963,-0.387419749,0.895932025,-1.31843749,-0.307113671,-0.621065543,0.816426668
-0.444659749,1.324590398,1.155992923,0.40354711,-0.415093684,-1.419599876,-1.102404947,0.651216695,-0.184070009,0.318752544,-1.215206926,1.243132582,0.578227985,-1.576176653,-1.787529642,-1.645429765,0.04015779,1.591534253,0.387643222,-0.041719937
-0.050160342,-0.39318769,1.183770329,-0.335433152,-1.995070781,-0.016509063,-0.086061717,0.505899784,-1.978361653,2.014465248,1.319524337,-0.944987706,-0.918414445,-0.45916681,-0.075644526,0.100681961,1.428938043,-1.244240704,-0.872048656,-0.585616948
-0.253850723,1.338770548,1.258694489,0.525894246,-1.13770236,-1.578632774,-1.502401343,1.681743459,0.273278735,0.57870465,-1.309037306,1.18749707,0.541164226,-1.801510994,-1.516104253,-1.899527038,-0.126877645,0.910957223,0.615121661,0.149845259
0.895307125,-1.393484208,-0.493928051,0.068708548,1.06838334,1.209019604,-0.47972282,-0.610340525,0.5156241,-1.267981136,0.345164289,-1.210190438,-1.417760669,0.976139767,1.634836542,0.39590056,-0.716791854,-1.208017708,1.620560658,1.461699483
-1.698829262,-0.119340743,-1.09865889,1.339634834,-0.365416874,0.603695064,0.009389755,-1.046348615,0.033189783,-0.843164192,1.041718527,0.653535733,1.107325601,0.944571039,-0.308737859,0.809166788,-1.434800733,0.182961057,-0.945832457,0.630906063
1.424186234,0.506450778,-0.504912135,-1.285996722,0.751143786,-0.467154322,2.025340742,-0.766006134,1.026901068,0.070458854,-0.50326813,0.345240299,0.689104452,-0.64931104,0.113042337,-0.776274379,-0.269324157,1.326026988,-1.730902668,-1.185493331
-0.973898575,0.316411396,-1.218801482,1.397756272,-1.650201907,0.726754028,0.079576257,-0.936036719,-0.014289954,-1.020913967,1.286030801,0.730356998,1.113150247,0.865478549,0.004811978,0.931307624,-1.37410814,-0.2727035,-1.025088906,0.819854315
0.007673663,-0.263145272,1.53184321,-0.849993472,-0.020416337,0.612532196,-1.415556473,-0.028125128,-1.465787592,1.641803211,0.262830839,-0.798323172,-1.273064276,0.686935901,-0.007241529,0.671514182,1.787445001,-1.057436982,0.207770044,-1.303408022
0.549954739,-0.44710034,-0.548085076,-0.609658171,1.363267754,0.408311248,-0.377954006,-1.205346499,0.526010338,-0.999362357,0.187490077,-1.219204561,-1.224695788,0.597116895,1.240511207,0.182701348,-0.487956641,-1.420879589,1.66906746,2.188573612
-1.45188004,0.221713119,-1.397426114,1.728941895,-0.595889837,0.69029666,0.060491028,-1.207868284,-0.24002238,-0.950862037,1.157201645,0.62282819,1.14356049,0.541253288,-0.241242727,0.821331277,-1.089439033,-0.094154462,-0.6855263,0.914583049
-1.136911645,-0.134417523,-1.392714801,1.205709694,0.151101472,0.784834183,-0.083937035,-0.927888148,0.224456808,-0.893904749,1.219360915,0.487708009,0.761523542,0.759890116,-0.085409529,1.305261535,-1.724638039,-0.564429334,-1.135316023,0.659540996
-0.02915,1.773392218,0.83502997,0.520839865,-0.280358658,-1.186246135,-0.840830277,1.05945156,0.378016249,0.661974911,-1.075959605,1.320896467,0.935354023,-1.925845345,-1.363403419,-1.612394978,0.218642631,1.181259608,0.890704284,0.356403993
-0.078116773,1.338773511,0.709446051,0.482814664,-0.73816608,-1.471565623,-1.457639988,1.154795101,-0.051295629,0.715891594,-1.176548594,1.052932874,0.646613837,-1.8949162,-1.63934305,-1.403367937,-0.55637653,1.404487787,0.384187412,-0.204402017
-0.555563466,-0.820430705,1.232375899,-0.330384662,0.344758907,0.171302433,-0.171056014,0.94879312,-1.875803958,1.760981522,0.324497732,-1.101172535,-0.982407784,0.235533584,0.368586594,0.529183041,1.255412755,-0.969303259,0.123925858,-1.245342024
0.051876575,-0.767524183,1.328166501,-0.183989046,1.17426135,0.252683464,-0.442390171,0.670646205,-1.093885197,1.254257082,0.646442377,-0.630185606,-1.190101085,0.860758787,-0.218496867,0.281014935,2.221120454,-1.45022347,0.181574015,-0.668360504
-1.002200515,0.296608718,-1.622949262,1.436210956,0.380578663,0.575779819,0.020657686,-0.861327497,-0.264242196,-1.092756653,1.43039957,0.39783508,1.034080695,0.949427483,-0.415864206,0.973012974,-1.01091958,-0.111518743,-0.965316402,0.915346903
0.998967357,-1.276583663,-0.078855494,-0.219260427,-0.021976045,1.538100667,-0.599447924,-0.469334102,0.231955897,-1.607482523,0.348203171,-0.653326636,-0.988912278,0.944163399,1.593830219,0.674115705,-0.386476585,-1.390482998,1.446814442,1.973000218
-0.362233559,1.877210574,1.114032549,0.420536852,-0.789918706,-1.532635006,-0.640877832,1.177197533,0.199223538,0.693788296,-1.473796325,1.010001252,0.578060176,-1.71154172,-1.293893058,-1.094668449,-0.301021535,1.50284468,0.079358341,-0.059402419
-0.45225828,1.63335697,0.716220929,0.402551521,-0.873223773,-1.454447306,-0.34551107,0.959826703,0.285907423,0.745639548,-1.438104586,0.835893075,0.553192863,-1.471409703,-1.803013507,-1.119797353,-0.47393944,1.336162542,0.864147843,0.995307081
-1.381396061,-0.017466774,-1.296433872,1.389344508,0.259802602,0.744161576,0.126273871,-0.293440681,0.248582727,-0.753523716,0.853207117,0.837640939,1.181643441,1.105688701,0.006872532,1.282975454,-1.016981623,-0.026068384,-0.615296559,0.623160271
-0.18981077,-1.660748713,-0.48822752,-0.449063035,2.770336984,1.897798432,-0.646140034,-0.680178321,0.340433062,-1.341466901,0.007565318,-1.217734997,-1.169078114,0.751438242,1.335345767,0.42650486,-0.815159896,-0.843789801,1.58103726,0.358976507
1.279672622,0.679806442,-0.470160676,-1.683381778,0.310040675,-0.536598381,2.291825944,0.453933737,1.154127138,-0.215395236,-1.093045318,0.18425625,0.53051097,-0.610152457,0.665941706,-1.109020927,0.266478281,0.482056074,-0.643062809,-1.459117132
0.797334806,-1.35842112,-0.530420082,-0.231341234,0.604704183,1.127543997,-0.3607844,-0.934322922,0.185793235,-1.13209482,0.227094356,-0.881698669,-1.382984698,0.757715752,1.907834157,0.300142841,-0.966144963,-0.524540783,0.71152187,1.043014068
-0.789680593,1.717231798,0.913308323,0.403898671,-1.153949616,-1.037907679,-1.178029502,1.217681882,0.297790325,0.708773211,-1.188944947,1.147292506,0.619945842,-1.746975674,-1.952654075,-2.34604731,-0.279761986,1.527830109,-0.078045723,-0.03745417
-0.945567743,-0.091889988,-1.609027583,1.769217743,0.43721687,0.764005878,-0.186946044,-0.916754881,-0.145858173,-0.759457288,1.071810401,0.565870024,0.88883723,0.634308817,-0.250785014,1.143882327,-1.295234206,-0.571173592,-0.922370273,0.475491194
0.54643501,-1.344268494,-0.602743609,0.005662812,0.611446193,1.947800901,0.403369254,-0.751866857,0.081047165,-0.906251486,0.52306353,-1.407100585,-1.122203113,0.529000404,1.264496158,0.744945626,-0.793223153,-1.134039858,0.922145243,0.648408536
-1.046023112,0.303503218,-1.444831492,1.684691481,-0.061378078,0.9365633,0.225260362,-1.415794945,0.035776545,-0.960954679,1.196955165,0.806026591,1.050962197,0.89232214,-0.13298514,0.82808487,-1.717005139,-0.301023481,-1.108996991,0.13643309
-1.297532816,-0.117464422,-0.731056639,1.672380426,-0.396044797,0.554902167,-0.040518593,-0.842324714,0.110259337,-0.898018829,1.192452965,0.892712094,1.203569509,0.813541337,-0.478882411,1.193695453,-1.002809456,-0.063562515,-0.878367841,0.870442437
-0.273638972,1.204364077,0.74009323,0.591551746,-1.273858631,-1.5206352,-0.921980839,1.839360614,0.355357397,0.433689807,-1.280407453,1.117543435,0.656194569,-1.751621314,-1.716228501,-1.854939928,-0.276379806,1.132714609,-0.137840972,1.037771147
-0.09428253,-0.905349197,1.30916199,-0.243142995,-0.372636274,0.011748562,0.392564106,1.39164585,-0.633810445,1.244284425,0.746759259,-1.588313295,-1.47967145,1.19391994,0.006782289,1.129863269,0.994219168,-1.565584764,0.062691961,-0.988922406
-0.239611767,1.593110543,1.096594461,0.594356585,-1.502708084,-1.56396056,-0.751724629,1.521290987,0.140193825,0.610939912,-0.944558841,1.055116642,0.788055285,-1.699466011,-1.831853849,-1.394234706,-0.055426583,1.473784593,0.66465145,0.087651117
-1.30867846,0.068405239,-1.440171204,1.480491294,-0.014047954,1.013207982,-0.016217946,-1.387704996,0.077812976,-0.844132804,1.336748502,0.483477931,0.842250007,0.718137913,-0.320165983,1.104544041,-1.368710058,-0.131872302,-1.001906017,0.513007578
-0.958624738,-1.096301173,1.464458248,-0.167107947,-0.020969865,0.357107182,-1.412971762,0.417749537,-1.921539178,1.221738002,0.816119877,-1.373171412,-1.466735772,-0.395346824,0.054527986,-0.030986882,1.54910798,-1.572446306,0.292543931,-1.186732193
-0.207751647,-1.25818392,-0.669181567,-0.729658376,2.187629459,1.554558046,-0.349027326,-0.178024164,0.36860957,-1.40055057,0.058216873,-0.959940135,-1.082339582,1.010800277,0.897793264,0.80879522,-0.738954377,-0.757961999,1.968795872,0.801097407
1.385359743,0.471443613,-0.286685495,-1.44513603,0.077096433,-1.302617858,1.292360242,0.092828737,1.741616484,0.023458249,-1.162125276,0.002893181,0.67271872,-0.671656991,0.632227945,-0.405987015,0.562705284,0.84170911,-0.935589463,-0.997769255
0.473085706,-1.306367151,-0.618372549,-0.036282876,0.623716231,1.897160089,-1.043843567,-1.318477119,0.17499623,-1.044817151,0.252123016,-1.146958028,-1.053587212,0.830812767,1.523175134,0.866725625,-0.138602025,-1.1891962,1.375675037,1.052121907
-1.691015525,-0.193060128,-1.365520585,1.676504774,-0.3630912,1.091170896,-0.141391426,-0.691843445,0.048755104,-0.75362588,1.181987973,0.772459422,1.057809802,0.495892781,-0.273862673,1.049111079,-1.099136693,-0.693484235,-1.01840879,0.616649636
-1.232342081,-0.079212801,-1.232701175,1.578237322,-0.392125549,1.084907486,-0.118644159,-0.944983674,-0.246609238,-0.739197879,1.267461471,0.8361118,0.862401211,0.673233003,-0.079984039,1.140647687,-1.164174228,-0.477457289,-1.115505948,0.834161914
0.313584441,-1.286557768,-0.90875359,-0.193880744,2.664424382,2.25801009,-0.223488347,-0.475583604,-0.469230546,-0.771751036,0.531321033,-1.265288153,-0.86092242,0.840074684,1.011964719,0.764204714,-0.67026168,-0.34612484,0.924877959,0.624775518
-1.377961983,-0.158782892,-1.435480183,1.472742687,0.099957948,0.773988098,-0.168704425,-1.050924373,0.171162348,-0.806687964,1.335370009,0.704463377,1.270547157,0.854619128,-0.279412864,0.937545874,-1.268600043,-0.891152101,-1.063636041,0.285159534
-0.433687981,1.351792674,0.847322897,0.563022579,-0.684041995,-1.614620823,-1.295207966,0.73002342,0.12367429,0.587178434,-1.37755783,1.027251985,0.705784853,-1.696647535,-1.558957364,-1.818381778,-0.493733006,1.146164473,0.511012386,0.030116854
-0.897439555,1.458853593,0.894201222,0.347502766,-1.176262044,-1.363440106,-0.872043087,0.929437825,0.256616478,0.747832814,-1.43266948,1.400526647,0.821302882,-1.716634549,-1.510730517,-1.506959093,-0.191853457,1.354386813,0.353067039,0.194239761
-0.328313839,1.231358444,0.950308819,0.341364812,-0.596955999,-1.49708823,-0.900120406,1.426091739,0.233138356,0.68482031,-1.190061663,0.880077532,0.921272125,-1.597448933,-1.991843768,-1.601507076,-0.426925272,1.256458465,0.454296235,0.973964982
1.849388468,0.3820338,-0.625401208,-1.498382525,-0.445546386,-0.710817149,1.490552014,-0.062329931,1.000509994,-0.460179745,-0.908109071,0.518619009,0.633490099,-0.510354395,0.281792567,-0.38516566,1.027212194,1.034636858,-1.035287621,-1.173779984
-1.403288247,-0.078605871,-1.157600726,1.599635893,-0.695744877,0.327929518,-0.153076355,-0.725673374,0.082870644,-0.713992531,1.160550904,0.474883784,0.920296644,0.910221082,-0.301221754,1.063644119,-1.456151701,-0.339292363,-1.109022418,0.799784756
-1.326465058,0.074088634,-1.18945689,1.663562695,-0.246387895,0.827011895,0.286497172,-0.904925574,0.263247935,-0.689608378,1.114223136,0.449631603,0.90502092,0.937728406,-0.486325598,1.229558627,-1.265066423,0.087141802,-0.9707378,0.03878273
-1.459068887,-0.150703897,-1.37653338,1.532983935,-0.849460864,0.512961041,-0.318429344,-0.629251039,0.262178433,-0.838026713,1.208203473,0.664616793,1.209512555,0.824804179,-0.247874275,0.807623612,-1.485556679,-0.37453516,-1.161449014,0.46573284
-0.669128224,1.572143163,0.973295211,0.428936907,-1.170435232,-1.893088331,-1.071633057,1.133108006,0.147629936,0.42249306,-1.037357169,1.020994826,0.890101638,-1.578803608,-1.784079699,-1.292891012,-0.61641161,1.709376603,0.643588331,-0.121030002
2.013832956,0.583749002,0.226005432,-1.539911724,-0.340861195,-0.834503867,2.20521625,-0.366201411,1.355943782,-0.021294232,-0.945344986,0.360464357,0.611128283,-0.480716824,0.342840251,-0.21246784,1.098173508,0.524267454,-1.086851274,-1.31668522
-1.145443187,-0.41274688,-1.116139447,1.493860897,0.169641483,0.73587032,-0.346490548,-0.804873881,0.185226262,-0.620626125,1.217063345,0.600260197,0.958059211,0.562093342,0.032656148,0.869514142,-1.39318831,-0.579686483,-1.115290547,0.401867771
0.125524728,-0.551323674,1.46458821,-0.205642281,-0.091296245,0.815694254,-0.901589941,0.913851545,-1.426449715,0.982145006,1.649558245,-1.115811863,-1.219341938,0.975289121,0.477747489,0.244572052,1.585762021,-1.745857623,0.082570488,-0.543489718
-1.230635639,-0.138606328,-1.44888229,1.914756529,-0.632322008,0.51729468,0.176848833,-1.283609768,0.360242066,-0.943979724,1.306122319,0.830405523,0.875998931,0.777542803,-0.417718139,1.547545036,-1.018522237,-0.34901831,-1.099236847,0.401442476
1.500886758,0.808463418,-0.225748686,-1.963642749,0.904781662,-0.454889712,2.159955851,-1.174619271,1.00341957,-0.122634907,-1.164633238,0.811451021,0.614160668,-0.490066619,0.589433162,-0.263234073,-0.421315709,0.72400431,-1.495575566,-0.668287991
-1.152194146,-0.141521912,-1.470845926,1.634211315,-0.806372132,0.741838373,-0.283400778,-0.534401038,-0.000530917,-0.947827066,1.145647021,0.52780005,1.070298945,0.73000081,-0.376912077,0.915262691,-1.247677948,-0.620854352,-0.987502473,0.442661389
1.96271123,0.618033449,0.015316047,-1.734342837,0.418024282,-0.664466417,1.436582091,0.059780856,0.829314461,-0.182658515,-1.371893118,0.757214438,0.499907667,0.139317259,0.688962327,-0.436427288,0.377277901,0.317288286,-0.957761324,-1.052270482
0.442690121,-1.038639436,-0.566563312,0.391145566,2.985006392,1.249836168,-0.187294234,-0.165326288,0.26605864,-1.407923935,0.449145893,-1.187638723,-1.062127421,0.577319595,0.596684665,0.816572836,-0.045790526,-0.949145136,1.901578144,0.887827025
-0.326226952,1.667707078,0.871633877,0.630361093,-1.38701056,-1.331652608,-0.218617778,1.075245494,0.428993091,0.45024982,-1.244928185,1.553716792,0.617367515,-1.331021592,-1.592254617,-1.79204312,-0.19935788,1.583983547,0.604263684,-0.560305576
0.104202048,-0.445822493,1.419777545,-0.494062675,-1.364643224,0.053981445,-0.766309535,1.659282041,-1.607458437,1.875729946,1.105291012,-1.082810833,-1.77171586,1.0304224,0.720675547,-0.215478568,2.135932931,-0.816012725,0.263331826,0.096805572
0.837512128,-1.103672149,0.393756701,-0.656304616,0.006704216,1.087172553,-0.975790241,-1.797360467,-0.19584615,-1.469593431,-0.022248479,-0.976074487,-1.238684475,0.943017592,1.500555321,0.327002812,-0.547903181,-0.461757422,0.87562975,-0.211482885
0.914759375,0.509471199,0.081017701,-2.154779658,0.289685455,-0.849712925,1.555022018,0.058776161,1.702961802,0.086642057,-1.099375482,0.269678714,0.619231369,-0.214023963,0.393922509,-0.547202514,1.445104764,1.225870806,-0.769510323,-1.849308622
0.381021295,-0.774099186,0.847934917,-0.488782141,0.330209613,0.585719003,-0.772430401,1.333061582,-2.620459253,1.451063128,0.915600179,-1.311587027,-1.523977733,-0.308768005,0.796360894,-0.023758639,1.619924623,-0.469020592,0.986603192,-1.040695273
-1.213278925,-0.03701562,-1.092768769,1.193083002,-0.4381874,0.830168937,0.177282549,-0.511965306,0.2249171,-0.827177911,1.366601484,0.518143678,1.199727894,1.131237172,0.119130518,1.079568027,-1.309101118,-0.636390995,-0.850048026,-0.109979315
-0.348666007,1.557992223,0.926996015,0.298948805,-1.162934,-1.269233113,-1.384704903,1.482682784,0.409288111,0.550250006,-1.12189703,1.753581046,0.776920204,-1.553504955,-1.866198214,-1.597408771,-0.22797152,1.362863287,0.244855734,0.351040921
-1.250964423,-0.139555411,-1.307463122,1.752797528,-0.383958491,0.87967473,0.225107916,-0.838010217,0.50036338,-0.961054856,1.418687219,0.726087903,0.99091409,1.075666961,-0.522548949,0.986415025,-1.508467991,-0.285252389,-1.137511286,0.605306793
-0.806397716,-1.061167263,1.250630955,-0.624133446,0.769981312,-0.081058099,-0.456420716,0.770799091,-1.462062917,1.677171697,0.866187865,-1.80506084,-0.910833661,1.009354043,0.115595108,0.520265419,1.013854803,-2.10227351,-0.243374112,-1.411143032
0.955179136,-1.522223371,-0.585684293,-0.617181522,1.594664726,1.046945847,-0.067094567,-1.466868152,0.121732741,-1.080973527,-0.163594082,-0.588063253,-1.126837787,0.304069744,1.211699905,0.564244614,-0.431512735,-0.373096377,1.812009072,1.466543267
0.106799733,-1.322269744,-0.608983551,-0.421162388,0.9075084,0.743414132,0.47803784,0.049944594,-0.114433831,-0.897090445,0.239697774,-1.18216015,-1.166954503,0.789348831,1.511413046,0.756668139,-0.510377601,-1.262786727,1.167706853,0.221236386
1.275054017,0.294113339,-0.480698582,-1.412731807,0.105148322,-0.559897261,1.66880889,-0.284682131,1.277758259,-0.119397193,-0.999660778,0.741493977,0.564719996,-0.323019707,0.296862867,-0.051904674,0.466796138,0.210682502,-0.878277401,-1.188546402
-0.875921279,1.465039425,1.270805996,0.532592159,-1.44743594,-1.459742375,-1.020139268,1.341848261,-0.216860984,0.734070795,-1.720457148,1.101967756,0.734450864,-1.61048584,-1.610203164,-1.950272442,-0.519678088,1.376381847,0.412635887,0.066286342
1.244409881,0.608075135,0.309245555,-1.260213489,0.794841391,-0.619416708,1.381368755,0.120567216,1.336484132,-0.028819849,-1.172530208,0.589270939,0.428614417,0.129878766,0.460788096,-0.799167869,0.303120564,0.697935091,-0.413393691,-1.297190734
0.482403513,-1.001996898,-0.31736724,-0.281461002,1.978084983,1.397377172,-0.411874931,-1.625924159,0.169792136,-1.156325253,0.238950724,-1.057498962,-1.039280416,1.241964341,1.547976024,0.559999935,-0.791345766,-1.040352065,1.40917657,0.080237637
-0.849395529,1.883639726,0.915492181,0.464371973,-1.221287552,-1.541755594,-0.930170122,1.293015127,-0.062174404,0.747180925,-1.340205481,0.994201429,0.686091901,-1.393369719,-1.713929443,-1.523036674,-0.492311059,1.501021218,0.612344904,0.894502687
-0.430033061,1.844515485,1.076376872,0.576730055,-0.789698072,-1.088100252,-0.988457442,0.904676586,0.27954152,0.429750173,-1.332636121,1.313630619,0.934887302,-1.637749836,-1.565274381,-1.233832088,-0.300759867,2.127934814,0.710367929,-0.621581763
0.693365579,-1.575715493,-1.037951114,-1.228860387,1.648994536,1.276330049,-0.398895879,-0.05694234,0.315234751,-0.754725304,0.050604158,-1.201086489,-1.503042628,0.842735318,1.072790901,0.882601252,-0.404529351,-0.420606675,1.621040886,2.336349338
-0.537346784,-0.841029915,0.426559515,-0.127075441,-2.245477876,0.630793442,-0.34266711,0.605102395,-1.463608933,1.121099154,0.699329785,-0.754952415,-2.064083734,0.324334214,0.177015046,0.350851818,2.140847284,-1.549914174,-0.11642675,-2.43930708
-0.557891866,-0.21266035,1.682964358,-0.152796705,1.564980925,1.191046729,-0.656799694,0.257520369,-2.541850143,2.010749731,0.605544098,-0.751792801,-1.40688701,1.118214833,-0.018748593,-0.017449433,1.408646234,-1.191099596,0.415307365,-0.730650017
-0.402830011,1.616631244,0.674934415,0.581034304,-1.135892922,-1.322707586,-0.824878495,0.836635104,0.477748611,0.560593134,-1.327533121,1.050974979,0.726115624,-1.89743493,-1.632215331,-1.28629361,-0.784544603,0.847243836,0.81151085,0.222155327
1.33760488,0.656529174,-0.294534875,-1.120349732,0.49879357,-1.059638611,1.476512464,-0.178887155,1.147512617,0.039658646,-1.253338359,0.276182493,0.752685001,-0.460413255,0.267673245,-0.51233668,0.868208885,0.881543705,-0.945581211,-1.254259823
0.466430285,-1.140182007,0.022173646,-0.405113033,1.528083452,0.833094673,-0.580104097,-1.138928952,-0.036096825,-1.154772875,0.82436285,-1.400774777,-1.186018789,0.813662926,1.22063765,0.817122615,0.026889901,-1.837308766,0.642469467,0.742174939
-0.440547736,1.466057771,1.172917346,0.600605725,-1.584634881,-1.320622158,-0.714420354,1.635387952,0.476514357,0.433740962,-1.267372306,1.014816716,0.809828464,-1.52056931,-1.445876807,-1.62078875,-0.466722949,1.25760324,0.288496395,1.183770658
1.614239216,0.082519806,-0.368786134,-1.212465949,-1.682192423,-0.359228422,1.869247865,0.006159133,1.082070355,-0.326965835,-0.926238187,0.429605225,0.571474072,-0.092759926,0.727931112,0.075572331,0.564483366,0.569646157,-1.196822216,-0.589490656
-0.082154072,1.593659206,1.226896155,0.459515564,-0.00421907,-0.936445116,-0.862543714,1.494256067,0.27845871,0.826966048,-1.399416317,1.332562358,0.897385334,-2.175241772,-1.902934892,-1.957290899,-0.423997132,1.608538626,0.856207399,0.298072592
-1.207176749,-0.43724647,1.540797355,-0.074594774,0.120707216,-0.768333108,-1.048056358,0.93782428,-1.618451469,1.357370985,0.876541903,-1.083613996,-1.262949791,0.191376041,0.611689314,0.08731601,0.997724965,-1.363200322,0.073540612,-0.074075081
0.645193369,-0.790971944,-0.455087645,-0.47055443,0.471977107,0.775979128,-0.113777356,-0.57137883,0.262916725,-1.186904529,0.660793287,-1.300421498,-0.903002058,0.947376025,1.079082909,0.744808036,-0.188170718,-0.73008099,1.46981272,1.172210256
-0.414090045,1.112518026,0.920838599,0.978946918,-1.496754782,-1.577045688,-0.836141115,1.190641463,0.477967969,0.34873231,-1.138671981,1.249257185,0.753791758,-1.67239487,-1.47422389,-1.414734621,-0.711711264,1.589002602,0.377337502,0.320919689
-0.115060584,1.790425226,0.995021142,0.463567795,-0.750707654,-1.297253388,-1.337707724,0.733060176,0.234959897,0.662132944,-1.282505924,1.446496336,0.435129205,-1.609873389,-2.122732803,-1.512406366,-0.464993135,1.529266267,0.24551953,0.60507782
-0.295592587,1.172433737,0.816982626,0.476785881,-0.771561688,-0.802373844,-0.8416494,0.78482968,0.164598821,0.353068192,-1.23087302,1.044660992,0.845908059,-1.74502893,-1.702882425,-1.664851263,-0.100285472,1.260739896,1.009075158,0.518605584
0.153962562,-1.13073468,1.188314634,-0.549677775,0.76536059,-0.082991004,-0.515884563,1.175528653,-1.465674275,1.693085298,0.769963659,-1.26263341,-1.362797934,0.471462142,0.261646841,0.273210714,1.483860664,-1.628898664,0.319679628,-0.823151281
-0.273610343,1.482007123,0.999571001,0.072913174,-1.295415885,-1.478725687,-0.535515231,0.924413017,-0.010683647,0.517657432,-1.042461132,1.373572135,0.688515878,-1.610285019,-1.715129015,-1.384258246,-0.449047266,1.225082022,0.252677454,-0.288450999
-0.339635591,1.397461422,1.016506918,0.328054979,-0.872018361,-1.090658626,-0.871726791,1.292946438,0.277360177,0.470140472,-1.170516456,1.237108438,0.775107301,-1.884952791,-1.695775596,-1.570785591,-0.05994923,1.474385472,0.930423727,-0.108457161
-0.667040776,1.504250029,1.081863776,0.910228124,-0.648029328,-1.458971208,-1.155611576,1.541755861,0.038977276,0.960395484,-1.28688262,1.577397479,0.800987325,-1.786783302,-1.738564925,-1.680496438,-0.202617322,1.365997601,0.293041987,0.14144392
-0.115929738,-1.585202332,-0.147992695,-0.194598874,1.225576397,0.916608647,-0.178659386,-1.525142251,0.340023145,-1.409492693,0.031580381,-1.344579487,-1.208454039,1.00226125,1.189336537,-0.633457211,-0.810799337,-1.004919362,1.928404933,0.430385127
-0.748807763,-1.032362673,1.510231637,0.092337578,-0.023276874,1.291187188,-0.26767974,0.707581712,-1.999191335,1.101687445,0.782944213,-1.223969468,-0.828603347,1.032581625,0.549186511,-0.147392608,1.111250019,-0.3227918,0.018469159,-0.091150535
-0.555046132,1.967822034,1.16028801,0.364300274,-2.266874519,-0.895647254,-1.299077069,0.526936428,0.409698819,1.02314883,-1.028033763,1.143246884,0.814854016,-1.533377121,-1.42697334,-1.618221782,-0.351450369,1.43842941,0.230816057,0.156152705
-1.497678445,-0.208950442,-1.556408172,1.761196596,0.383956758,1.119140056,0.296068197,-1.000627584,0.163574133,-0.810207086,1.309148402,0.582313532,0.695108225,1.069783247,0.015849521,1.096149177,-1.340637947,-0.310871563,-1.030645924,0.478382093
-1.44673364,0.034329857,-1.347944533,1.823351375,-0.575148408,0.653771707,-0.312450758,-0.616277504,-0.244353517,-0.90419774,1.232472338,0.651509038,0.9479759,0.664535313,0.144583678,1.092527784,-1.282665484,-0.551044628,-0.640895502,0.293739248
-0.256570744,-0.757159849,0.825318882,-0.860012739,-0.087955333,0.131032575,-0.819974271,0.695926829,-2.135117856,1.256835555,0.90304987,-1.295711549,-1.681434105,0.259776811,-0.249681238,0.425401341,1.635822278,-2.143757189,0.477002269,-1.839076579
1.562933183,0.282966351,-0.096105822,-1.518925227,0.128084685,-1.102166723,1.67609639,-0.917065364,1.432610208,0.121190576,-0.824728036,0.422178649,0.478206114,-0.670926837,0.898117082,-0.024377596,0.599086577,0.546811566,-0.656763423,-1.252475828
0.929066748,-0.543890126,-0.940240831,-0.335549217,-0.518207901,1.271769682,-0.104903235,-0.976105063,-0.075765448,-1.748941745,0.388075063,-0.84416984,-1.241222499,1.097891269,0.714223148,0.832925239,-0.572147052,-1.082251895,1.164333589,0.860644938
1.562131654,0.463962726,-0.584327895,-0.965248838,0.870097637,-1.19937488,1.745235729,-0.284110639,1.169325162,0.137300164,-0.770701215,0.41072078,0.518140403,-0.045573909,0.709571358,-0.565635707,0.168532255,1.020829855,-0.862400642,-2.303853681
1.278650882,-1.684969648,-1.098112107,-0.746342283,1.963314507,1.59229049,-0.434349626,-0.550889165,0.668814458,-0.702442979,0.229248084,-1.778034248,-1.252928005,0.762146234,1.071607342,0.592752373,-0.035079828,-0.065218915,1.303295768,1.74781736
1.479561375,0.102693848,-0.079347166,-1.361280467,0.616463345,-0.505913647,1.778826361,-0.449282208,1.642473689,-0.212152237,-0.540955108,0.266793895,0.358834537,-0.388379017,1.092121103,-0.981618416,0.519456905,0.954037812,-1.077917346,-0.894082422
1.505404127,0.329883575,-0.647141229,-1.056093131,-0.019092612,-0.658363629,1.732765536,-0.263423034,1.117862584,-0.182904462,-0.897555405,0.272142798,0.580093681,-0.361751844,0.296392732,-0.757008422,1.155239007,0.625097287,-0.887565429,-0.206111481
-0.655720102,1.587984731,1.308787365,0.26568218,-1.118636801,-1.10620922,-0.900361136,1.504771834,0.066565952,0.612682671,-1.262293176,1.375586127,0.936104474,-1.161232102,-1.540763824,-1.541483458,-0.374620509,1.167909915,0.530827953,0.134335956
0.204527054,-0.944095655,-0.485802488,-0.828860915,0.7246027,1.100529286,-0.363870923,0.060470498,0.264597255,-1.460102649,0.331175978,-1.236081654,-1.009005644,1.110740548,1.556725298,0.594452714,0.255596009,-0.414922289,1.183885596,2.506699326
-1.48149952,-0.142960142,-1.382884924,1.410994942,-0.61276012,0.558197281,-0.102172377,-0.729338505,-0.092822548,-0.864078873,1.483619117,0.806054127,0.996203368,0.661317212,-0.382659978,1.138198692,-1.376203485,-0.490326587,-1.317636071,0.25406559
1.724155641,0.39313932,-0.51057535,-1.435980532,0.071199371,-1.023792472,1.442628285,0.388841005,1.075646678,0.035282864,-0.879008975,0.599431299,0.474658481,-0.945527231,0.444585629,-0.405918476,0.241718853,0.740131468,-0.498195183,-1.871815456
1.671943966,0.044706694,-0.295745125,-0.940563047,-0.005356865,-0.392590965,2.032613662,0.081467807,1.054933366,-0.207008336,-0.984835649,0.147333099,0.491426996,-0.434184624,0.828832852,-0.414623029,0.77009742,1.284363491,-1.427786819,-1.121677459
-0.549242009,-0.605692782,1.453882399,-0.233193264,-0.320533157,0.042339212,-0.890776434,1.282606235,-2.020452769,1.680831796,0.792641336,-1.080439791,-1.430487863,-0.042860234,-0.055097463,0.227581328,0.433511962,-1.088613192,0.547201142,-0.475998276
-0.410783316,-0.67032495,1.70300412,-0.276955608,-1.638224853,0.406097015,-0.936742139,1.385581666,-1.402207525,1.775543891,1.0056245,-0.673365482,-1.43242999,0.850480707,0.990159532,0.130547539,2.174363549,-1.066179576,-0.074243173,-0.74940727
0.920971007,1.03725425,-0.474372065,-1.26155433,-0.242515779,-0.620999095,2.17138391,0.006934243,1.767998382,-0.096515283,-1.102986401,0.537844153,0.658655409,-0.461100043,0.176915546,-0.295008284,0.382807603,0.79355272,-1.059962362,-1.50857043
-0.490575132,1.562794678,1.06112864,0.581174182,-0.905528412,-1.212228318,-0.924919339,0.92620502,-0.049259164,0.531609451,-0.727675624,1.458663513,0.53729588,-2.006614176,-1.56394422,-1.484037249,-0.31325657,1.321089313,0.455078297,0.188538827
-0.222015439,1.083579666,1.166589921,0.854020444,-1.226787164,-2.137093233,-0.981375971,1.128123014,0.006495541,0.560100054,-0.966652959,1.325097445,0.682788136,-1.989553228,-1.781446089,-1.546848394,-0.246113235,1.117108214,0.690958651,1.208675286
-0.206265192,1.525835568,0.684544423,0.245888096,-1.118827655,-0.970436219,-0.963887491,0.772906036,0.137876231,0.618871632,-1.69203187,1.216850371,0.719963361,-1.549099903,-1.293015856,-1.302176741,-0.496673275,0.950401888,1.190524348,0.350093936
0.501997238,-1.635655103,-0.691513466,-0.378603216,0.113805689,1.888952983,-0.714099082,-1.310241191,-0.22988539,-0.753844004,0.401025178,-1.358994258,-0.810461028,1.045107102,1.218477237,0.642835623,-0.753071825,-0.776301778,1.250735824,2.532362119
1.500528141,0.65792597,-0.279399488,-0.599666469,-0.19188208,-0.586830086,2.243901909,0.408879895,0.643770499,-0.026504451,-0.74544704,1.035853671,0.696516546,-0.572586118,0.149127815,0.134896827,0.725472767,0.505598176,-1.122239196,-0.935015965
-0.754591788,-0.97684834,1.327654338,-0.164883635,-0.960356444,-0.335751964,-0.375488731,0.758474361,-0.836134013,1.386594147,1.281047498,-1.444421594,-1.689744207,-0.021962999,0.579382302,1.068535201,1.15283987,-1.114251841,-0.272632584,-2.130398812
0.47169701,-1.514065084,-0.590336629,0.142525628,1.958683858,1.220389862,-0.486012901,0.051136441,0.370096624,-1.306730854,-0.091966036,-1.031471699,-0.925998174,0.708839553,1.249414166,0.672049365,-0.382192066,-1.871521313,1.391692872,1.816663729
-0.039916201,-1.511678411,-1.345035656,-0.246139362,2.606332962,1.148789126,-0.852140575,-1.226676434,0.087386651,-1.439263685,0.452069338,-1.04398185,-1.419320032,1.103679709,1.59991947,1.259923534,0.598564064,-1.209902818,2.400978243,1.008605163
-1.350061628,0.214437963,-1.294092927,1.553264712,0.582853042,0.46378616,0.334462416,-0.496647227,-0.057212283,-0.691784446,1.098085277,0.550667914,1.074213641,0.986158974,-0.053492625,1.337171047,-1.33028741,0.024047798,-1.156910076,0.790375642
0.413975068,-1.34400884,-0.442995751,-0.38826086,1.174588154,0.542901543,-0.638138251,-0.538891222,0.749528255,-1.25112374,0.382565334,-0.943803357,-1.298562078,0.974917211,0.962550509,0.908699483,-0.318874612,-0.766275471,1.198842711,1.566938354
-1.369919132,0.293323154,-1.386493401,1.490331393,-1.181146636,0.96948139,0.279421418,-0.829980272,-0.068655499,-0.867069126,1.282369266,0.679044249,1.065046949,0.741454904,0.004240592,1.242906261,-1.12496975,0.176822031,-0.875122861,0.864617915
-0.460487816,1.845325219,1.055721238,0.266683901,-0.454634921,-1.097216451,-0.1074509,0.832276599,0.29789203,0.315902621,-1.144527886,1.090942122,1.034981092,-1.856793144,-2.031962639,-1.66892965,-0.828084034,1.730521779,0.131938557,0.248181779
-1.616143569,0.072121427,-1.273173925,1.537066884,-0.190172927,0.956201118,0.210716234,-1.253593839,0.112729926,-0.996228225,1.120338065,0.70556233,1.051292664,0.469991258,-0.269155202,0.962138404,-1.269685844,-0.24123699,-0.876477752,0.316391275
0.058181897,-1.190330854,1.293503134,-0.727315642,-0.052617132,0.063492264,-0.618703161,0.460977119,-2.301241383,0.785360129,0.681703382,-1.314825033,-1.502275638,0.950445351,-0.063700143,0.967636497,2.286424223,-2.107843417,0.329608022,-1.326557965
1.534894194,0.395967252,-0.114469218,-1.128256982,0.109196093,-0.976128252,1.25052996,-0.126663484,1.569975668,-0.327117855,-1.254633954,0.451599507,0.577210851,-0.768369719,0.302059851,-0.916451501,0.986065546,0.373007222,-0.937620265,-0.981459028
2.002068261,0.214898632,-0.07904237,-1.079699509,0.366153576,-0.321141544,1.947779993,-0.564846061,1.499035532,0.237899311,-0.835787629,0.499642978,0.434309771,-0.417207467,0.644982367,-0.194973946,0.518028567,1.029849746,-1.499135547,-0.386061264
-1.265021997,0.116855485,-1.458366855,1.488241841,-0.46012592,0.806690652,-0.068637006,-0.959538878,-0.099599306,-1.006466906,1.33080771,0.496538701,1.115066839,0.984956765,-0.283593845,0.966136781,-1.186529923,-0.224528237,-1.038749992,0.703015552
-1.468133191,0.048779478,-1.477206285,1.845240414,0.419228848,0.879431659,0.3088791,-0.721519786,0.115044073,-0.629136058,1.234528356,0.709436676,0.819427004,0.684568379,0.022334621,1.272484681,-1.170546822,-0.398174216,-1.423816911,0.241824755
2.223646046,-0.036313436,-0.387203319,-1.625983465,0.203230091,-0.990480364,1.769039052,-1.111578548,1.413456605,0.218446422,-1.079536151,0.463320555,0.559666372,-0.360950687,0.496476906,-0.264157534,0.81499759,0.437488061,-1.154629805,-0.558056521
-0.332905336,1.692146214,0.782257181,0.639907009,-1.186884969,-1.51122258,-0.776148827,2.038295226,0.279310862,0.715572295,-1.3873499,1.030449786,0.894105914,-1.837833516,-1.538406911,-1.67263577,-0.273640215,1.377496695,0.68447922,-0.033856399
-0.7015967,-0.984226273,0.387166746,0.22991743,1.381448724,-0.249113988,-0.638564422,0.894168738,-1.99000601,0.867677908,0.643355208,-1.237108001,-1.342124407,0.417956671,0.776773581,0.22699886,1.49971642,-0.608531903,0.477493309,-1.364385268
-0.700379428,-0.927242173,1.340302496,0.043557461,0.053735707,0.700996682,-0.76729797,0.068552075,-1.605572564,1.315202564,0.891861919,-1.105140916,-1.281035701,0.41323657,0.186118919,0.286208081,1.472363542,-1.156100015,0.597014809,-0.79954074
-1.050014172,-0.278207878,1.637779757,-0.835843732,0.162585366,-0.368042846,-0.563476143,0.410483347,-1.900408216,1.996576844,0.586332202,-1.310887931,-1.489493239,0.885832528,-0.466340298,0.070841592,2.147956208,-0.800359436,0.247307373,0.571661405
0.308293267,-1.143635996,-0.737371189,-0.251184186,1.192730793,0.860336812,0.202244617,-0.52586328,-0.116717937,-1.102256186,0.383511221,-1.006186056,-1.496173477,1.302100743,0.952296285,0.53859985,0.586877132,-0.671010942,1.308756637,-0.049840507
0.026331152,-1.409102214,-0.889788793,0.025510631,2.405046719,1.285259206,0.151674269,-0.676330408,0.103077767,-1.272719394,0.144052784,-1.569773277,-1.077779466,0.891892265,1.334934047,0.717665897,-0.383300436,-1.219859241,1.418267994,1.820280739
-0.070966367,-1.601052397,-1.133909967,-0.613715413,1.940783479,1.037130244,-0.129179871,-1.653639874,0.370861635,-1.365024683,0.28653039,-1.131112698,-1.404700658,0.535394326,1.492484249,0.746156784,0.007215264,-0.793553348,1.61910151,0.051687569
-0.129714256,-0.167105872,1.070891922,-0.74383691,-2.225114771,0.110328517,-0.144962813,0.298010003,-0.812491383,1.282687454,0.811767096,-1.581163547,-1.175094705,-0.34709583,0.441603803,0.688698971,2.145422432,-1.420989168,0.163625938,-0.418963172
2.044490453,0.527404554,-0.350515844,-1.566299062,-0.479328059,-0.909851102,2.528645682,0.542495044,1.412720957,-0.20346544,-0.819297098,0.415212842,0.200995917,-0.34496108,0.200064993,-0.70163555,0.366552869,0.758732494,-1.120679539,-0.919269799
-0.336992327,-0.885733449,1.509986451,0.135054977,0.372479125,0.558150235,-0.18020133,1.182506843,-2.094609674,1.888192241,1.206102192,-1.232078882,-1.329016556,0.776358525,0.506809084,0.317218914,0.988063063,-0.643753159,0.448981483,-0.34212374
0.404695596,-0.675281724,1.64478491,-0.442436659,0.433987728,0.700589892,-1.448297108,0.627048154,-1.341976497,1.460875869,0.32118015,-1.920715928,-1.325998255,0.433514906,-0.079526239,0.426165048,1.711073248,-0.405696819,-0.797513216,-1.783516352
-0.578043613,-1.003479547,0.765334149,0.032313541,-0.551485947,-0.376891045,-0.864965425,0.265324085,-1.654884675,1.643139049,0.590397704,-1.810930008,-1.283131182,0.464982381,0.122944871,0.130817353,1.60464568,-0.981843704,0.058419012,-0.592779538
-0.468482832,1.480033087,0.788158645,0.264244126,-1.333517896,-1.324378008,-0.804705979,1.055128318,0.024808409,0.806626699,-1.383613674,1.221320237,1.00007838,-1.585010806,-1.721464554,-1.746461634,-0.161202322,0.990180467,0.195267282,0.104650653
-0.631487889,0.062142294,1.594865042,-0.075254122,0.980986811,0.277987226,-0.303119755,1.433854655,-1.617851209,1.260963363,0.751000841,-1.257786279,-1.236220741,-0.007313847,-0.094164289,0.193263036,0.994787152,-1.170252542,0.169014038,-0.485265983
0.420308886,-0.988912148,-0.631118273,0.373262354,0.81496891,2.027690888,-0.341657179,-1.613589095,0.657098348,-1.200851826,0.435565955,-0.859585273,-0.974352842,0.809280864,1.409062717,0.583955436,-0.057426744,-1.893875802,1.62591743,0.775800055
-0.182878003,1.389305275,0.772222771,-0.103581422,-1.094091714,-1.104626235,-0.637233041,0.997147071,0.090889695,0.652383245,-1.455828631,1.286351396,0.889634356,-1.439620499,-1.651952693,-1.728915791,-0.621907591,1.217343696,0.430930357,0.388120163
2.289659221,0.422243028,-0.452271736,-1.685859439,1.259154167,-0.713396939,1.978131037,0.124138177,1.138209998,0.142889818,-1.070268344,0.291210335,0.793259449,-0.426089014,0.572695327,-0.333397709,0.7056721,0.291803994,-1.217972146,-1.312878625
-0.871232125,1.292394014,0.457164647,0.498973748,-1.078810275,-1.489203504,-1.228356278,0.882567281,0.419453577,0.536314489,-1.185541827,1.05802314,0.803332311,-1.422264789,-1.547577361,-1.661151491,-0.181493155,1.163822141,0.474796748,-0.018901135
-0.158455843,-0.500976482,-0.119124235,-0.371962181,0.071413099,1.368606235,-0.847453308,-0.670427342,0.387420606,-1.473686457,0.547295728,-0.979108893,-0.932742312,0.923625933,0.75338283,0.997470423,-0.44465927,-1.447349279,1.937983976,2.396772442
-1.624535774,0.275106834,-1.31410228,1.597189595,-0.539912637,0.399390672,0.189350607,-0.766094015,0.155601245,-0.809323014,1.265617639,0.570777337,1.088129946,0.909341205,-0.130605334,1.171261856,-1.189173136,-0.724444758,-1.113686472,0.45912188
-0.279825878,1.448756375,0.941695665,0.486528766,-0.708591958,-1.105162047,-0.699406956,0.766778795,0.400830176,0.660337596,-1.11249969,1.493679839,0.618478996,-1.723309745,-1.822882704,-1.892931657,-0.332603555,2.130822503,0.066416362,0.361856795
-1.162241111,-0.137471084,-1.789234254,1.674445981,-0.745724962,0.453157704,0.320789141,-1.003213618,0.180218598,-0.622803187,1.138344697,0.815155626,0.897042548,1.179594,-0.220135134,1.170249736,-1.111206423,-0.157657553,-1.060597468,0.388268281
1.676701757,0.798182331,-0.20085388,-1.030010123,0.202595197,-0.77099072,1.847998903,-0.240701624,1.138835127,0.278963026,-1.020353153,0.444637455,0.656842712,0.336707177,0.082451887,-0.823141987,0.04805061,0.830124256,-0.932137101,-1.104493917
-1.619699485,-0.372962668,-1.135747718,1.344146831,-0.317349551,0.733366908,-0.057277662,-1.167873763,0.078754562,-0.636042836,1.089924933,0.619256186,0.810329071,0.711551036,-0.149692141,0.907565719,-1.370322712,-0.675954654,-0.956310016,0.833602974
-0.017528312,1.402017044,1.150037135,0.397183495,-1.029261702,-1.343358309,-1.245412809,1.353155435,0.272305058,0.651342761,-1.225035773,1.619216607,0.647200866,-1.75879656,-1.769040506,-1.742639642,-0.574939514,1.602990127,0.886032147,0.060137802
-0.598316817,1.589662863,1.030740187,0.757002629,-0.723071464,-1.275146391,-0.907518032,1.707651722,0.269993769,0.506516151,-0.960641446,1.298361434,0.63266299,-1.905732676,-1.616471892,-1.555908636,-0.326065903,1.448567129,0.776805517,0.475489853
-0.361103459,-0.474005978,1.483791566,-0.916829459,1.226510478,-0.378282873,-0.146171986,-0.293307576,-1.45458415,1.898946369,0.699506133,-1.171297327,-1.149076327,0.315569659,0.965923289,0.417772819,1.347125098,-1.338451131,-0.161525821,-1.461876981
1.644852162,0.494970525,-0.186313558,-1.434276294,-0.047298359,-0.228084177,1.75743356,-0.401204512,1.217424614,-0.000245361,-1.210438119,0.33989034,0.43747895,-0.278695844,0.150803129,-0.860826866,-0.066772867,0.313849241,-0.744910811,-0.920549082
-0.074766147,-0.566994748,1.583950293,-0.26632572,0.250181472,0.22224631,-0.220821331,-0.396203993,-2.02103581,1.900345879,-0.026398364,-1.173541448,-0.943001888,0.439711686,0.051109714,0.434444604,1.456417833,-0.965064498,-0.187408813,-0.044005385
0.583302767,-0.827136981,-0.439700152,-0.342044337,0.710395176,1.018714266,-0.725762668,-1.272903027,0.368185255,-1.253629353,-0.04697608,-0.692797875,-1.032589645,0.432657892,1.043242355,0.680830339,0.176648552,-1.159263019,1.805984691,2.042290106
-1.783776889,0.089949118,-1.407543876,1.369098322,-0.631794795,0.572234237,0.098051385,-1.312724612,0.086656482,-0.610382842,1.284122674,0.693262999,1.115887225,0.936852062,0.149005406,1.025668778,-1.477728683,-0.153219273,-0.808863735,0.683839553
1.249424006,0.246472964,-0.281761607,-1.102692946,-0.370966481,-0.994883649,1.567670053,-1.276779263,1.310256232,0.225883708,-0.810474943,0.313925305,0.332299404,-0.370625177,0.719407802,-0.501910543,0.605723112,1.281023705,-1.25048086,-1.122877959
1.455312811,0.818695864,-0.139418557,-1.327602024,1.135817278,-0.790452401,1.188233903,-1.250797731,1.005178773,0.121263059,-1.057388295,0.585304573,0.877718543,-0.839995882,0.579341188,-0.342120312,0.308352634,1.486677761,-1.196224006,-1.102366735
-0.442189212,-1.063831737,1.021508704,-0.453430333,-0.810041508,0.376818738,-0.280331385,2.472302627,-1.231811416,1.511761633,0.553569463,-1.052664428,-1.252171235,0.267334853,0.519126029,-0.25205556,1.294274574,-0.689265927,0.066124898,-1.022622191
1.268334928,0.52953542,-0.655534895,-0.894959309,0.967577273,-0.840550446,2.326963391,-0.107126288,1.961235166,-0.027460249,-0.882330617,0.744589005,0.834089391,-0.373993237,0.411291127,-0.332892891,0.252927466,1.010761625,-1.348061824,-1.880179429
1.920479472,0.52740563,-0.370843922,-1.651343302,1.290843957,-0.643708586,1.602886943,-0.740767472,1.572262018,-0.206812352,-0.613448726,-0.224123108,0.840081306,-0.335081816,0.388772194,-0.579657607,1.062815791,1.110691545,-1.418319806,-1.733583876
-0.499947208,1.046477084,0.655117481,0.589253881,-0.681770564,-1.343252618,-1.196354124,1.218290794,0.288311556,0.459618962,-0.982158742,1.340894631,0.66743126,-1.609781967,-1.516330014,-1.981215927,-0.467241387,1.048126588,0.188208727,-0.05135653
0.299512646,-0.652586821,-0.820116668,-0.8351211,2.230448787,0.331625729,-0.284512611,0.932060628,0.165673574,-1.50594213,0.30054115,-1.204093128,-1.110243203,1.220255326,0.881368293,1.206864228,-0.372552679,-0.585368715,1.233118195,1.939979296
-0.57595565,1.538127887,0.96612785,0.671388217,-1.144412669,-1.785911609,-0.768553389,1.44637074,0.412772974,0.817640226,-1.051236803,1.313534001,0.786122665,-2.069207201,-1.578791821,-1.525856205,-0.22254863,1.010431276,0.226312436,0.786708269
1.082341664,0.351156663,-0.168196625,-1.22990379,-0.20931383,-0.334474575,1.8727816,0.061140664,1.688571766,0.243075599,-0.726569257,0.575484656,0.737201611,-0.375709148,0.041763333,-0.440865507,0.565293202,1.152454669,-1.146211017,-1.291309187
0.135410993,1.607346402,0.994524362,0.390914844,-1.098505274,-1.573395693,-0.750048394,1.48788099,0.009625459,0.418263782,-1.51904164,1.308501634,0.633363217,-2.12652871,-1.604392218,-1.103066925,-0.369150321,1.642674375,0.577825134,0.308270244
-0.646099143,1.473663558,1.210947047,0.71154224,-1.653955304,-1.342793131,-1.463715557,1.109717748,0.634766933,0.478623583,-1.430358911,1.345895344,0.556177691,-1.892995136,-1.483743533,-1.7793067,-0.367618201,1.529673564,0.516745753,0.289661168
0.058752386,-0.512941186,0.526628086,0.162679803,-0.056584357,0.375478216,-1.060597463,1.681725688,-2.172785603,1.709612442,0.919500984,-1.491092682,-0.696045548,0.570929035,0.424691067,-0.333645894,2.544578411,-1.519585397,0.486378039,-1.711478782
0.379295404,-1.417726561,-0.665340259,0.083116403,-1.163941331,1.259951954,-0.257340302,-2.035224216,0.290933874,-1.04898655,0.368869729,-1.927485834,-0.760890093,0.729541823,1.342029839,0.954734306,-0.631699045,-0.501589099,1.258828523,-0.061870108
-0.232251431,-1.115113048,1.467633583,-0.357261349,0.246932071,0.769109762,-0.730578592,0.151741633,-1.462793435,1.634758971,0.74639926,-0.347890539,-1.361877922,0.100189842,0.449357371,0.018338368,1.760277557,-1.535868263,-0.018135877,0.324957481
-0.126387315,-0.074606451,1.624240439,-0.206215108,0.746763238,-0.021407043,-0.774680373,0.206706219,-1.673889372,1.19309789,1.03678489,-1.171762553,-1.477549978,1.154864917,0.052835651,0.394591827,1.657120128,-1.66160501,0.876159889,-0.496618752
0.154448253,-0.772971734,-0.544627425,-0.735357712,1.040119219,1.804416301,-0.288534836,-1.11871757,0.806560278,-1.577112799,0.041578137,-1.551166013,-1.058316407,1.047392731,1.617921284,0.625180014,-0.558475539,-0.792640266,1.456959244,0.188019687
-1.134567806,0.009878505,-1.196688869,1.534027819,-0.11891518,0.53455905,0.126391856,-0.800884877,0.109575053,-0.957443051,1.399687308,0.364788029,0.877275709,0.750059478,0.007137295,1.290871711,-1.684258102,-0.507685964,-1.397722372,0.360179129
-1.222143522,0.243063755,-1.589216905,1.623364578,0.820610835,0.666288376,0.553914132,-0.960888136,-0.224812792,-0.821425568,1.451360353,0.459349267,0.983733494,0.846577893,-0.179231365,1.081484687,-1.230477443,-0.279024915,-1.107998003,0.423235946
1.559326716,0.47915337,-0.177710481,-1.477242796,0.068922968,-0.818713629,1.585869894,0.503618885,0.700728181,0.177223107,-1.062081046,0.260929921,0.61060253,-0.800440286,0.257984088,-0.735627243,0.516385155,0.52809709,-0.613753817,-0.092079349
0.656980978,-1.383156118,-0.457249297,-0.272403986,0.204736916,0.912878528,0.178650712,-0.398616884,0.189367957,-1.157159631,0.229856957,-0.789635419,-1.183599315,1.022028416,1.407598833,0.419657286,0.223719995,-1.4658486,1.980815429,1.027334799
-0.409735106,1.594820834,1.353487194,0.430715422,-1.149496617,-1.685414581,-0.745845146,1.239033349,0.120164988,0.855328869,-1.091089645,1.097702086,0.464654428,-1.461553631,-1.86429466,-1.504351427,-0.991484502,1.70848042,0.178332908,0.536254807
-0.417961421,-1.038985369,0.918730307,-0.58439457,-1.999408184,-0.113785836,-0.869489682,0.837461775,-1.588052192,1.533919395,0.710335064,-1.213832069,-1.779252855,0.23328959,-0.156417264,0.583421553,1.950911882,-0.455857681,0.485782834,-0.971624731
-0.080553403,1.26740273,0.984043545,0.606822518,-1.178628529,-0.966547087,-1.016209022,1.190381955,0.149491828,0.680033478,-1.42973111,0.909245846,1.010019348,-1.898908211,-1.953076093,-2.138096788,-0.436672014,0.970055915,0.861592365,0.607024838
1.400176866,-1.878090874,-0.294146058,-0.48226028,0.958508744,0.984723642,-0.724280053,-0.086865845,0.343508,-1.114162221,0.640103817,-1.617707993,-1.40391502,0.203275498,1.009195661,0.622793987,-0.340699201,-0.763780547,1.005112326,1.690148701
-0.875851469,1.50380999,0.704350729,0.252572584,-0.854192458,-1.185984564,-0.732523844,0.561895478,-0.027274707,0.807690728,-1.417255729,1.185712821,0.814965635,-1.890914279,-1.607633944,-1.950966967,-0.485461554,1.445040184,0.173629506,0.384597941
2.043287353,0.223883438,-0.580685728,-1.195225302,0.232584168,-0.69186359,1.967872249,-0.86763346,1.64332796,0.151687421,-0.711360338,0.394783587,0.592084873,-0.42198648,0.640976499,-0.176845323,0.574306368,0.393660854,-0.557548035,-0.609237925
1.728992685,0.659343567,-0.316898643,-1.435367916,0.477738934,-0.845505082,2.33375943,-0.132463992,0.799201933,-0.265328393,-0.978546891,0.471649885,0.926419648,-0.70516002,0.411626392,-0.848490512,0.424869032,1.546627052,-1.396397552,-0.531759863
-0.043463744,-0.811149476,-0.467156011,-0.034908489,1.444648591,0.325878481,-0.396473802,-0.305748514,-0.136100968,-1.265800338,0.150751502,-1.998187131,-0.702841564,0.634901138,1.327963685,0.545648689,0.186047447,-0.547639731,1.35070464,0.644253654
-0.272469487,-0.331994719,1.882486149,-0.870695281,-0.50616589,0.023646709,-1.267610433,0.51221129,-1.516484317,1.299635614,0.304843933,-0.093688026,-1.232087842,0.473182448,-0.171014367,0.43778948,1.384911251,-1.920349975,-0.325627996,-0.386126257
-0.568195733,1.429347571,1.17961651,0.327096977,-0.544406798,-1.720326487,-0.737537552,1.775771488,-0.362204234,0.40448428,-1.150345067,1.174217354,0.831915512,-1.837221838,-1.677020653,-1.545229862,-0.192174448,1.477022221,0.523409093,0.030956979
0.285201566,-1.542535517,-0.478792092,-0.134640728,2.828324085,0.652231413,0.028801028,-0.372376626,0.040097039,-1.169083128,0.163603203,-1.15021175,-0.791668696,0.986039186,1.339573338,0.460713828,-1.024599671,-0.861610174,1.795951367,0.271440147
-1.142175336,-0.051111153,-1.315312052,1.40985098,-0.279995793,0.643193182,0.200792468,-0.765109555,-0.125308271,-0.84100565,1.687232906,0.748019648,1.112956487,0.764340149,-0.248515563,1.010743003,-1.261169476,-0.804822988,-1.26600845,0.211539461
1.436487406,0.360208902,-0.130598113,-0.967230504,0.421548145,-0.587896352,1.131249879,0.176802324,0.855259039,-0.095111296,-0.801267994,0.700985648,0.480918378,-0.657837944,0.237635731,-0.798189739,0.367819445,0.147133141,-0.81987288,-0.85864081
0.538527008,-0.359840123,1.329388375,-0.229364,0.99936005,0.423497528,0.133768528,-0.449054446,-1.559526517,1.318499155,1.305974622,-0.588349202,-1.249681233,1.028197236,0.923244879,0.31231657,2.604408353,-0.84718474,0.072957516,-0.328133848
-1.568400872,-0.167777637,-1.254331666,1.35859795,0.414984828,0.408773302,0.205733372,-0.442633286,0.136832721,-0.788862641,1.154897951,0.451216311,1.117692201,1.095823119,-0.229139352,0.923410677,-1.72274258,-0.713889862,-0.945737021,1.001167513
-0.629983852,1.512154987,0.757032083,0.203034267,-0.73981555,-0.865413442,-1.253645233,1.353501659,0.016810293,0.551848301,-1.34154672,1.0701692,0.727388812,-1.959654929,-1.580161936,-1.550785879,-0.50723411,1.188327721,0.362973951,0.529698419
-0.695087952,1.488466204,1.252553449,0.498472903,-1.493358305,-1.249869859,-1.132882052,0.79223791,-0.043301985,0.343534841,-1.297899007,1.222061259,0.835679083,-1.796954169,-1.889484293,-1.531609393,-0.69954905,1.626790641,0.318143793,-0.220094693
-0.369442882,-0.808096341,0.841356767,-0.055344087,-0.62338128,0.101067422,0.182211929,1.225173653,-2.416904551,0.809052176,0.65951808,-1.458160151,-1.121326507,0.460136578,0.310111307,0.073480284,2.298998204,0.5620781,0.115152296,-0.740602433
1.511529987,0.335347977,-0.409471981,-1.579526112,-0.056890693,-0.296099009,1.676365759,0.111362643,0.999062159,0.143743475,-1.045416034,0.572791502,0.631408343,-0.342394582,-0.169662741,-0.888560695,0.651353324,0.034709224,-1.173659461,-0.977429316
0.90859001,-1.271340581,-0.812271049,-0.373191279,0.24607555,0.831792951,0.013426353,-0.579346502,0.257859515,-1.583402249,0.182785707,-1.497074981,-0.885582872,0.768579579,0.775725778,0.713975345,-0.571721987,-0.183777506,1.183029209,0.326843944
1.25310217,1.01560797,-0.445559224,-1.415349196,0.024155991,-0.782014034,1.631151703,-0.13175602,1.572763854,-0.037652433,-1.368941434,0.378134258,0.431789476,-0.444885358,0.794361024,-0.448448874,0.496606542,1.539551748,-0.775413461,-0.667622313
-1.425662113,-0.157099331,-1.287635132,1.438520037,-1.33583728,0.636933993,0.330193474,-0.879849153,0.24079322,-0.787685657,1.314776548,0.622699596,1.015586765,0.64669198,-0.259190273,1.223134941,-1.454198333,-0.569241273,-1.220017458,1.018149782
-1.478572722,0.014797665,-1.120368674,1.425343062,-1.069502097,0.886100763,0.167917986,-0.941293166,0.0540017,-0.620176438,0.847570597,0.660170917,0.858338143,0.894431904,-0.156922723,1.185576333,-1.355616968,-0.800000426,-1.147302361,0.701692072
0.650585818,-0.591163188,1.169801589,-0.694481786,-0.789787552,-0.280290555,-0.063496544,0.752926123,-1.442972539,1.822950769,-0.002411781,-0.708113287,-1.249380841,0.613416593,0.008586766,0.115173879,1.787002211,0.476495929,0.562637239,-0.133625556
-0.382645905,-1.190777043,0.827926596,-0.408071317,-0.523025991,-0.423876545,-1.309758612,0.253682844,-1.664012886,1.416916101,0.549309651,-1.031726085,-0.945185149,0.581873504,0.141075041,0.761839778,1.026476252,-1.098487352,0.145485416,-1.637999871
-1.274532317,-0.219009192,-1.241695803,1.858668831,-0.808707623,0.640430612,-0.371450565,-0.995652608,0.148233199,-0.735479791,1.250324705,0.704460464,1.314381539,1.125839997,-0.249704112,0.794625738,-1.22839103,-0.668696,-0.97617015,0.233745049
-1.380366825,0.125480072,-1.518504871,1.471376463,-1.028219181,0.354785268,0.477262503,-0.44791911,0.037196193,-0.638935166,1.266163003,0.631511649,1.010949258,0.711134075,-0.218930508,1.224137572,-1.257900582,-0.164597326,-0.709305844,0.679335333
0.165915746,-1.59458751,-0.995752546,-0.116430243,2.240729906,1.838181454,0.01212079,-0.104608381,0.045517856,-1.432384112,0.496253306,-1.019641182,-1.105897516,1.105749608,1.292904316,1.082326954,0.167338147,-0.616175968,1.723163501,1.536959156
1.173862349,0.264525354,-0.498607219,-0.853158271,-0.270762982,-0.225780595,2.018861943,-0.043794172,1.48312516,-0.003790271,-0.769782531,0.531315907,0.305057435,-0.406980049,0.666203515,-0.566250348,0.55645234,0.682392895,-1.541718721,-1.955138978
0.584294992,-0.81098926,0.069039839,-0.822117181,0.310236113,1.600853127,-0.576937137,-1.372780951,-0.242257903,-1.287765609,-0.010774573,-0.603923596,-1.140500248,0.868202621,1.357193593,0.999499946,-0.016234265,-0.412119484,1.263340337,1.083789052
1.552060565,0.160974899,-0.476906689,-1.783233512,0.930500139,-0.792238302,1.923829032,0.443166885,1.305942377,-0.082793142,-0.993150452,0.487888684,0.841319067,-0.331934976,0.385791733,-0.23864568,0.975039436,0.272349293,-0.69326302,-0.984493605
0.207444759,-0.905240449,-1.096603496,-0.670997297,0.446187134,0.681249187,-0.933340447,-0.886541474,0.053814011,-1.141487709,0.506407338,-1.095135142,-0.935591464,0.835624807,0.83219376,1.063557801,-0.721661854,-1.304746239,1.410229887,0.737390858
-1.15755822,0.02562136,-1.501307051,1.467677687,-0.037425796,0.613845978,0.370712115,-1.449872672,-0.304775017,-0.76316904,1.209612122,0.57146885,0.755067833,0.723579848,-0.137783706,1.17987362,-1.312693502,-0.323571021,-0.814903373,0.198242319
-0.177994257,-1.410129806,1.489141539,-0.0571474,-0.094210345,1.38963013,-0.86084884,0.53154247,-1.945827079,1.363928067,0.65681081,-1.509812914,-1.375040862,0.393833267,0.600185701,1.211278048,2.083731236,-1.40030499,-0.058865413,-0.85620954
1.525173344,0.554497198,0.049002033,-1.553198487,-0.528938048,-0.783092168,2.08852015,0.068730056,1.024737398,0.145193854,-1.301932714,0.283640885,0.53851783,-0.654897293,0.631875336,-0.39279612,1.022383547,0.62820237,-1.082127533,-0.530567303
0.013554237,-0.531425968,1.507598599,0.261106136,-1.259614651,-0.023795978,0.196905111,0.663409257,-2.804408565,1.314309182,0.740987388,-1.998736592,-0.855832533,0.205155837,0.399845078,0.252087469,0.892197679,-1.623321547,-0.174323763,-0.247023286
0.969389492,-1.298537218,0.037670168,0.026402934,1.752571185,1.639914823,-0.271092254,-2.436345762,0.05601484,-0.844241642,0.078372974,-1.285787259,-1.420688023,1.459914569,1.692009259,0.44565377,-0.290511801,-1.111315138,1.631555481,1.466615015
-1.13775646,-0.038548731,-1.49921043,1.492443108,-0.38036769,0.85578856,0.273697449,-0.972206296,0.14533659,-0.71236558,1.154361637,0.691590566,0.974916872,0.840203095,-0.254120459,0.994930959,-0.835254769,-0.053333793,-1.187304371,0.533603563
-0.001885937,1.43558107,0.982680287,0.152438318,-0.33548183,-0.956853607,-0.84022635,1.308243929,0.255221207,0.352530077,-1.307672378,1.184555624,0.660440061,-1.757072083,-1.749137211,-1.664151221,-0.446556123,0.881186194,0.372893976,-0.413229018
0.281004997,-0.814938626,1.072761956,-0.411875267,0.465496403,0.429484329,0.536629589,1.084673934,-1.975257771,1.203875959,0.6072005,-1.621436683,-1.253584203,0.69391408,-0.019067265,0.094373944,2.116001288,-1.787355607,-0.642225092,-1.660515579
-0.021202578,-1.780192369,-0.509484625,-0.317706901,1.135588019,1.08049698,-0.314589467,-0.739232592,0.459421766,-1.710406314,0.269147477,-1.0769122,-1.280303346,1.514662336,0.910813945,0.622867942,-0.187053869,-1.051958231,0.8944282,1.074578295
-1.609669939,-0.192927233,-1.377226791,1.532932069,-0.832372799,1.195034168,-0.225986085,-0.605448399,0.238397011,-0.610495924,1.113757145,0.665985912,0.901612728,0.90698932,-0.20419623,1.015569913,-1.492855301,-0.875026623,-1.12321482,0.856542674
-0.03100539,1.675399947,0.768741297,0.855904311,-0.528648395,-1.205128315,-0.869948414,0.697351396,0.127948886,0.773060389,-0.970697985,1.501222573,0.710918367,-1.941718628,-1.74545356,-2.058217738,-0.253569989,1.090126575,0.44015154,-0.355668399
0.358264275,-1.469990128,0.583957713,-0.511040693,0.202015119,0.993000158,-0.694363572,0.397804172,-1.601214454,1.499082942,0.884540684,-1.202796692,-1.801628864,0.041097945,0.702498584,0.441825351,1.433486364,-0.333504569,-0.363185168,-1.018858749
-0.301681752,1.324739596,0.889661013,0.348176454,-1.239701286,-1.4966635,-1.180420864,1.12888669,-0.159383469,0.656910378,-1.277340447,1.105642273,0.872823332,-1.535535965,-2.017478982,-1.860296216,-0.532077634,1.03752451,0.644144848,0.148223802
-1.649993928,0.168411321,-1.472879543,1.466780234,0.379974153,0.431155448,-0.21630392,-0.844718035,0.211232732,-1.018229679,1.276944885,0.695961595,0.839247513,0.938256482,-0.05591246,1.033555172,-1.000314188,-0.006635841,-0.971238905,0.42429121
1.62568849,0.25217256,-0.278442228,-1.545701288,-1.144824178,-0.381540605,1.349894756,-0.153078485,1.301362816,0.007201201,-1.090533767,0.440805806,0.637582603,-0.259919339,0.925209789,-0.445363318,0.375306914,0.625068908,-0.887289384,-0.613358048
1.896454234,0.342564082,-0.288562327,-1.222656686,-0.521878235,-0.289617596,1.545723948,-1.039993255,1.237204539,0.351659908,-0.875932665,0.586931878,0.570834123,-0.445058043,-0.001948786,-1.05940957,0.633119379,1.222873947,-0.910940203,-0.474073271
0.162043632,-1.197579958,-0.460290563,-0.095298863,0.741723162,1.652553128,0.391379033,-0.926445918,0.611477703,-1.422001839,0.510351009,-0.917855349,-0.845840045,0.925316767,0.205150634,0.434044592,-0.663535713,-1.146950206,1.454795377,0.85628464
-0.035064375,-0.847777222,0.616724414,0.02481305,-1.795950463,-0.036875416,0.020042283,0.684970868,-1.929777791,1.648382006,0.478943555,-1.559743806,-1.179234227,0.343160384,-0.235603171,0.753468751,1.744216442,-1.296038714,0.054992213,-0.581304272
0.808819484,-0.955740759,-0.436466768,-0.424193443,0.821364709,0.945918144,-0.645767278,-1.638416952,0.077719227,-1.549019083,0.30126536,-1.194675538,-1.059140468,0.740022416,2.158560219,1.122782181,-0.780869418,-0.65711759,1.22405145,0.597578368
0.288021256,1.573012044,0.939136005,0.693963982,-0.623644305,-1.13653044,-0.826511261,0.73021683,0.660891997,0.455577251,-1.306004192,1.126812499,0.787998587,-1.644214109,-1.564197634,-1.575574027,-0.02276477,1.595854848,0.40738579,0.427123282
1.695402666,0.368590421,-0.46197222,-1.72326947,0.656966846,-0.646312661,1.883150308,0.204693839,1.176029558,-0.305621734,-0.981531764,0.519195423,0.497173395,-0.080737509,-0.220860322,-0.200100561,0.817020929,1.040727649,-1.981557427,-0.349290931
0.369842328,-1.460222887,-0.617504282,-0.246156218,1.58928584,1.572629959,-0.51626565,-0.841152821,0.550016837,-0.966135372,0.256072202,-1.188248485,-1.050045108,0.565802929,1.103448358,0.900207633,-0.24319444,-0.97375904,1.610535581,0.660076764
0.602681328,-1.072919554,1.615281796,-0.527040996,-1.01017479,0.258332812,-0.235553255,1.31392963,-1.093144736,2.274865318,0.809723508,-1.343744986,-1.093483136,0.420190233,0.533621626,-0.185309455,2.530496795,-0.265370477,-0.534339556,-1.289227508
0.948159159,0.624214935,-0.172364743,-1.210509975,-0.019450324,-0.572560862,2.033416404,0.639447869,1.577385607,0.023204646,-1.232542504,0.481347879,0.612510609,-0.308654432,0.83665659,-0.584110848,1.077465659,0.268470982,-0.845380728,-1.350023963
0.507515743,-1.226009716,-0.693313708,0.050943129,2.744738349,1.392795827,-0.31830851,-0.842805143,-0.652840364,-1.050805845,0.278630312,-1.056250937,-1.298084832,0.777953972,0.981191307,0.966732943,-0.613837888,0.134145554,1.66267573,0.469335675
-0.178574088,1.673319524,1.059135522,0.206763079,-0.608759784,-1.084227786,-0.986515105,0.996467003,-0.097379226,0.659668031,-1.20327193,1.196181345,0.917829202,-1.842903146,-1.541423758,-1.790075485,-0.461041938,1.387457736,0.441170657,0.292662908
0.021639088,-0.47658904,1.101278092,-0.787068993,0.356007737,-0.277853803,-0.943591408,0.056270103,-1.689956364,1.746849898,0.77862982,-1.259745287,-1.670369991,0.722198336,-0.17721173,0.340043846,1.415458236,-0.56494501,0.027797003,-0.794424681
0.39112712,-0.85960824,-0.28261241,-0.031058106,1.0258965,1.755386408,-0.38266922,-0.065192591,0.148571203,-0.998719543,0.608279497,-1.289861162,-1.1027768,1.274766752,1.16412244,0.133446871,0.413391334,-1.058533521,1.491716382,2.047877415
-1.621007149,0.033341653,-1.297220201,1.546642415,-0.105553382,0.850408116,0.126552465,-0.786403353,0.219988375,-0.765517988,1.193190163,0.589157199,1.123380845,0.721101685,-0.001664401,1.063825036,-1.44692257,-0.188914652,-1.034747299,0.635341217
-0.432227378,-0.8155841,1.788346172,-0.924675295,-0.20806617,0.362343861,-1.238906503,0.211306464,-1.733506184,1.106122055,0.472639311,-1.222189169,-1.077271787,0.37126462,0.665704464,-0.011858056,0.978765415,0.199051858,-0.06189351,-1.861296255
0.884825107,-1.297125145,-0.882709079,-0.360510403,1.377498973,1.17118942,0.029501701,-0.404307236,0.044848201,-1.384563151,0.032652095,-0.937342959,-0.736717332,0.800500812,1.084192792,1.142326267,-0.178005681,-0.644470988,1.106875865,1.4374489
-1.246343339,0.144776609,-1.367619531,1.654235304,0.414907911,0.981295574,0.192890616,-0.937722073,0.262797277,-0.954076271,1.243291347,0.830575006,1.123482911,0.729109345,-0.427363879,0.989289746,-1.42917881,-0.33145644,-1.179839233,0.111754096
1.320715822,0.434656143,-0.430956282,-1.280290716,0.691448675,-0.488375523,2.198551531,0.321630591,1.299896428,-0.125306697,-1.156220097,0.365482917,0.47458098,-0.340785319,0.498791734,-0.22553568,0.233480808,1.327777979,-1.158314461,-1.657319689
1.880101353,0.325504352,-0.37577477,-1.430935646,-0.895355829,-0.80050139,1.108704591,-0.38571309,1.478398483,0.038394822,-1.081880732,0.448841376,0.356662795,-0.49767288,1.163322973,-0.019765695,0.582142851,0.924813643,-1.385610374,-1.310584278
1.66730444,0.322911852,-0.543355249,-1.307416067,0.442240108,-0.84271989,1.955755184,-0.683875149,1.264792514,-0.06470131,-0.773859444,0.527784515,0.940362722,-0.813885028,0.523173489,-0.504129039,0.771427102,0.704310852,-0.561875437,-1.192372396
-0.282441575,1.985182685,0.928352378,0.390291855,-1.128147143,-1.125163781,-1.06196399,0.811464038,0.093514417,0.440614581,-1.189897721,1.592378515,0.752643861,-1.852786013,-1.748839296,-2.043650711,-0.169073575,1.37699235,0.523203515,1.52356341
1.386283632,0.471441381,-0.394608681,-0.879371189,0.245317915,-0.0227392,1.892250957,-0.434247062,0.874597206,-0.373673521,-1.252652613,0.260866555,0.636885948,-0.617675095,0.448341299,-0.32138861,0.564110183,1.565542596,-1.435127223,-1.21116311
-1.164804122,0.054493596,-1.431111282,1.413081316,0.464868621,0.739710113,-0.316821317,-1.204823182,-0.246555171,-0.903956946,1.32462835,0.659985258,0.926198526,0.919576007,-0.32968679,1.397091777,-1.406265412,-0.311441931,-1.029149349,0.406655824
-0.196240081,1.738164801,0.813576629,0.581154982,0.006757513,-1.496170514,-1.347554353,1.866109685,0.677157107,0.704987778,-1.047314687,1.517706349,0.681624636,-1.727263994,-1.298466587,-1.242003482,-0.345387955,1.052378318,0.956877852,0.024399666
0.463277143,-1.377991964,-0.469299755,-0.580044005,1.538300212,1.332560394,-0.817215562,-0.414402355,-0.204698614,-1.200203409,0.551778737,-0.948879818,-1.093752504,0.845400889,1.506172663,0.852478107,-0.726583438,-1.223548693,0.732794043,1.433889708
-1.530797582,0.193887498,-1.521339818,1.483334392,-0.052426829,0.539817529,0.243461009,-1.08855985,0.231405086,-0.818312088,1.297928403,0.748118529,0.937574553,0.389446432,-0.132612849,1.05370643,-1.142860986,-0.366909781,-1.081293187,1.294026885
0.363275253,-1.126271297,-0.836882255,-0.603964322,1.633941072,1.032372533,-0.667463509,-1.27581689,0.374221514,-1.384594384,0.315401895,-1.158182349,-1.542106684,0.451470762,1.350729156,0.393767444,-0.041540214,-0.434293298,1.658858701,2.249905754
-0.21458562,-0.824824308,-0.886832765,-0.468368525,1.485447758,0.751959673,-0.800825453,-1.991616579,0.396079867,-1.365247652,0.944762186,-1.410657728,-1.311789065,0.735692986,1.187564222,0.451815551,-0.142306215,-1.37082711,1.024877135,0.089672545
-0.376394539,1.883122699,0.998428946,0.452758273,-0.963372692,-1.337413921,-1.093711857,1.410722873,0.218572932,0.648894392,-1.358111136,1.452965991,0.879461979,-1.78140863,-1.379093084,-1.835109226,-0.5363415,1.187241966,-0.003858073,0.328716406
-0.43654995,1.494635707,0.96003383,0.456979234,-1.281457163,-1.497181245,-0.965842641,0.908977895,0.124869988,0.665730622,-1.292463631,1.497370162,0.370893573,-1.433150478,-1.42116136,-2.057453144,-0.561912833,1.178223509,0.117425666,-0.118968199
-1.365584616,-0.206665248,-1.3286436,1.430712256,-0.360215537,0.779106779,0.229232008,-0.891083199,-0.33777371,-0.438031235,1.464263839,0.749882562,0.873734031,0.754277041,-0.313976083,1.287381225,-1.210311503,-0.563912061,-1.147432674,0.800187584
0.762846749,-1.054686013,-0.60691197,-0.532648233,0.867928394,1.352210165,-0.003861518,-1.218470964,0.41551292,-1.181776494,0.241204996,-1.148896046,-0.982699233,1.048680553,1.904353904,0.310688039,-0.154384222,-1.095759612,1.001179709,1.278976716
1.830997409,0.156753311,-0.51794447,-1.326702447,1.052256917,-0.307690394,2.047810095,-0.272313604,1.113021705,0.134696971,-1.048338492,0.68704606,0.765596205,-0.272136433,-0.268065395,-0.467741495,0.335025464,0.931360071,-1.270651999,-1.638536174
0.862757545,-0.793037523,-0.605889365,0.074951292,0.629993654,0.863888017,-1.151635605,-0.130862553,-0.071407577,-1.21555873,0.086255384,-0.996623072,-1.11862413,0.544904842,1.243603524,0.192550825,-0.644974456,-1.830801661,1.015717843,1.364654695
1.15262518,0.547340006,-0.749281324,-1.051797829,-0.64366662,-0.773448543,1.987143327,0.253487164,1.30566067,0.135397211,-1.004784487,0.470030023,0.577839895,-0.521059141,-0.075859899,-0.690296073,0.593291014,0.84527273,-1.073812395,-1.180602078
1.041714069,0.597924537,-0.079647504,-1.42224728,0.680009674,-1.450006394,1.382443413,0.318028221,1.179164626,-0.417813001,-1.124966428,0.230247215,0.548879837,-0.588784005,0.550312955,-0.509073971,0.90191721,0.955016656,-1.019683099,-0.278946198
-1.3489622,-0.213190179,-1.505146969,1.802404112,-0.05872855,0.461532858,0.287502367,-0.76421633,0.053713996,-0.591429043,1.242545577,0.44136943,1.000923231,0.841999404,-0.32897491,1.10950051,-1.606334325,-0.040501229,-1.157194393,0.05399768
1.343644837,0.233105227,0.085333589,-1.203366273,0.448289208,-0.610651482,1.982171023,0.37986901,1.164701745,-0.240870561,-0.767421666,0.4786689,0.617646456,-0.321402695,0.395492219,-0.529251713,0.407983966,0.573727118,-0.766476599,-1.614140801
-1.111777939,-0.405501849,0.529297509,-0.426214945,-0.162492724,0.145595534,-0.573758441,0.928934364,-2.577085748,1.411841815,0.047499781,-0.923256927,-1.436237978,-0.383289947,-0.138296022,0.142246378,2.004052493,-0.914415639,0.27547367,0.082575703
1.697567148,0.57322053,-0.798293966,-1.349595445,0.468577657,-0.821810864,1.806706549,-0.120012974,1.290392537,-0.288711481,-1.024190358,0.794276092,0.839334155,-0.21070204,0.563860125,-0.010455958,1.002735993,0.815356968,-1.320151664,-1.145531708
-0.401556806,1.679601422,1.212568736,0.754968504,-0.24781267,-1.358457796,-0.8569779,0.551311971,0.144318399,0.426355589,-0.94686317,1.219029037,0.776817102,-1.597687192,-1.669343809,-1.224977265,-0.511366687,1.397227166,0.371356926,-0.201194227
0.025499889,-0.321029003,0.836347047,-0.06677216,-1.694442927,0.21375662,-0.138190897,0.328979406,-2.333717324,1.475246252,0.482470024,-0.866900449,-1.470569082,0.219709944,-0.571591623,0.353908453,1.376587124,-1.697017383,0.248782961,-0.204397298
-0.245812835,1.563119361,1.101935985,0.316742284,-1.36301933,-1.524294355,-1.07763762,0.830273946,0.40427867,0.616201226,-1.202879929,1.087013121,0.448282599,-1.770430271,-2.142177894,-1.575030904,-0.744031024,1.935905664,0.725470121,0.451279738
1.324768753,-1.197683291,-0.624722881,0.098830975,1.723587868,1.380717761,0.49720043,-1.012914262,0.067419772,-1.179520148,0.575261557,-1.564048206,-1.575353787,0.732014337,0.658390778,0.536300538,-0.185910314,-1.159515904,0.931561964,1.278981303
1.115054462,0.691958365,-0.288987578,-1.281218404,0.753640799,-0.820660727,2.498305522,-0.356416323,1.829572828,-0.302375791,-0.89974879,0.286281213,0.777341031,-0.608992271,0.510951432,-0.625134467,0.667733363,0.736026343,-0.56431334,-1.492029645
-1.311590699,0.114116144,-1.299672959,1.753549839,-0.408408553,0.9384326,0.040115537,-0.732903629,-0.225961566,-0.720154727,1.01635946,0.583396778,1.095272088,0.682907802,-0.334692934,1.273088922,-1.215175681,-0.458718093,-0.954016562,1.29457872
-0.194180129,-0.407615125,1.415831173,-0.674877349,-1.00792866,0.252512439,-0.343728413,0.848272632,-0.985328221,1.103575537,1.244311868,-1.106837601,-1.730228691,0.383053394,0.595283248,0.223347123,0.769125815,-1.032462986,-0.152779036,-0.564993113
-0.40945806,1.832254468,1.033759772,0.409950034,-0.588209307,-2.150981348,-0.614920546,0.541837513,0.196649975,0.425366642,-1.409053463,1.410221498,0.658381557,-1.58469431,-1.699094846,-1.483020754,-0.533989419,0.953414268,0.681016692,-0.074323885
-1.11543616,-0.069388278,-1.322662291,1.466203892,-0.627847359,0.804581265,0.419667962,-0.706546268,0.076408963,-0.79313693,1.35502091,0.716245322,1.06504342,0.727766289,-0.075946511,1.188346844,-1.350641624,-0.281258968,-1.387332887,0.518418696
-0.2534923,1.488941486,1.162543162,0.43925778,-1.722004692,-1.572695142,-0.895400829,1.506454482,0.296437841,0.561222573,-0.834768767,1.296023144,0.986086548,-1.629650289,-1.652902688,-1.504829771,-0.13925133,1.629886626,0.661686212,0.058495897
-0.508826807,1.60580507,1.091804556,0.31738817,-0.721332524,-1.095637846,-1.144604133,0.776290172,0.151085877,0.625468993,-1.343186947,1.401102493,0.788518266,-1.757214508,-1.99131067,-1.9543041,-0.263199449,0.725213516,0.70711039,0.086160713
-0.000471196,-1.599753036,-0.504300791,0.455769466,1.184535809,1.206053257,-0.851044983,-0.372757939,0.443732905,-1.026850494,0.15161535,-1.349184261,-1.366995923,1.024407054,0.725160768,0.209703265,-0.525821605,-1.102288546,1.451593559,1.550386211
-1.361637933,0.032947366,-1.367840464,1.332474244,0.090522762,0.779098137,0.570006495,-1.100640344,0.235265574,-0.99246041,1.205662136,0.796416854,0.822597749,0.78191135,-0.234566245,1.009110764,-1.180037277,0.007369792,-1.063299411,0.553262496
-0.408983155,-1.162071415,1.342869177,-0.269719842,1.700665311,-0.049671811,0.042226395,1.186913406,-2.029119887,1.684891691,0.852726474,-1.159453111,-1.167907569,0.212782011,-0.167449531,0.570805546,1.406308228,-0.914058018,0.349305267,-0.737966724
-0.481788356,1.580547953,0.871861165,0.644398361,0.070144361,-1.57146995,-0.974219725,1.632224403,0.38896634,0.915413634,-1.217894412,1.161468438,0.862739049,-1.585719139,-1.540143728,-1.547827432,-0.120035266,1.638570686,0.79365095,0.466809492
-0.438398954,1.529937228,1.149285159,0.251896395,-0.889849414,-1.490631142,-0.946822041,1.786880647,0.232572797,0.692356508,-1.495212424,1.250134449,0.866243646,-1.218004651,-1.737177328,-1.607901366,-0.328137572,1.785088075,0.439761034,0.424239415
-0.518760608,1.61033912,1.167905338,0.356062727,-2.143769984,-1.294438552,-1.263040568,0.697025921,0.068251015,0.614135712,-1.361456544,0.828468366,0.808928844,-1.424994512,-1.622378551,-1.934128471,-0.447090649,1.438849683,0.637507057,0.497474541
0.617457049,-1.497957196,-0.029100843,0.341612283,1.085658057,1.064604218,-0.420154486,-0.48528681,0.644775926,-1.13138213,0.287768339,-0.811400224,-1.2374504,1.214793003,1.191226427,0.821212857,-0.310032856,-0.78612572,1.270691132,1.986775079
0.255601302,-0.496950404,1.400979003,-0.196209131,-0.075686468,0.163958451,-0.993243438,0.583764762,-1.85521008,1.202785212,0.80960543,-1.202691356,-1.155916997,-0.185553583,0.14990285,0.489199728,1.439374773,-1.031687893,-0.541482108,-0.799227433
-0.199540524,1.595749038,0.674150146,0.340772022,-1.47146236,-1.448380606,-0.94826433,1.235470265,-0.21122926,0.847416716,-1.247791344,1.462918524,0.83056696,-1.389563146,-1.503315627,-1.330682982,-0.288576311,1.26333371,0.986138419,0.540437395
0.915698112,0.58841507,-0.122096064,-1.145812804,-0.04927317,-0.785228946,1.651338736,-0.425751857,0.978956045,-0.00910547,-1.251787758,0.401885642,0.332526657,-0.467022004,0.265200116,-0.331807347,0.809107045,1.515061142,-1.750645651,-1.435381402
-0.162296202,1.155774764,1.01529329,0.52185745,-2.032055969,-1.577137241,-0.599315916,0.862388256,0.139735503,0.658517229,-1.180047289,1.180031051,0.647832463,-1.4745392,-1.243896532,-1.331601011,-0.271250154,1.111805159,0.324417051,0.574148225
-1.360409185,0.155979584,-1.116341433,1.325468533,-0.369638677,0.877761728,0.252269938,-1.0479966,0.188264135,-0.972776428,1.491896241,0.770713416,0.897012308,0.613720059,-0.338192368,1.209736062,-1.496088393,-0.562107442,-0.905153224,0.322359037
0.976519281,0.244418694,-0.348418305,-0.928267517,0.282888084,-0.794126883,1.998994884,-0.621237169,1.311596063,-0.305412819,-0.939958831,0.402079397,0.422376172,-0.402259553,0.461932392,-0.156537703,-0.021796642,0.857043022,-1.222692985,-0.628644927
-0.341166989,1.654837859,1.135626842,0.517846945,-0.897858663,-1.457906532,-0.878430144,0.972901064,0.326364051,0.520132784,-1.173839555,1.150127547,1.00640009,-1.636994829,-2.055239251,-1.298694994,-0.706549078,1.336701734,0.308538847,0.76548327
-1.394717208,0.011625505,-1.277860279,1.499624963,-0.481088617,0.921945864,0.051020816,-0.643945926,-0.098855808,-0.623092139,1.174879564,0.651666392,1.21952868,0.616321146,0.095925752,1.222579349,-1.313965571,-0.716182565,-0.990038911,0.580146478
-1.401849512,0.240511163,-1.433213444,1.618482078,-0.035027107,0.549783745,0.12537538,-1.090626634,0.069903193,-0.982363222,1.264154958,0.540544657,1.04299751,0.839373087,-0.001236266,1.110957103,-1.062600631,-0.197932415,-1.06720414,0.362501005
-1.276979549,0.151889536,-1.310821183,1.411289061,-1.575104908,0.652856457,0.344150359,-1.039268924,-0.061614606,-0.924838453,1.428430902,0.695131004,1.127101077,0.526471808,-0.316526156,0.970667225,-1.229101811,-0.397958307,-1.034995118,0.693603798
-1.047692829,0.166973046,-1.282736541,1.431411071,0.127343806,1.071318078,0.364110549,-0.305613248,-0.160668612,-1.004662698,1.01807755,0.693009214,0.990397111,0.830825833,-0.138385602,1.239082575,-1.569612159,-0.504086119,-0.905402276,0.204560115
-0.072017002,-1.169067954,1.102346308,-0.062503826,-0.727937615,-0.270142804,-1.028900743,0.775719458,-1.58971328,1.237004439,0.698301736,-0.511530558,-1.453449736,-0.331627509,0.373181103,0.259946192,1.151759586,-0.673448939,0.575494988,-2.699111422
1.320910851,0.31839178,-0.734445564,-1.07817761,0.183504226,-0.736541881,1.384274971,-0.166311761,0.591500962,-0.067075295,-0.904049827,0.498450718,0.340949088,-0.371675529,0.201158835,-0.806422979,0.73994317,1.560981316,-1.108301236,-1.224491805
-0.876957687,-0.110733259,0.689211395,0.015311866,-0.018296997,-0.015069099,-0.456896661,1.340357174,-2.083110986,1.16495491,0.866511682,-1.541272081,-1.369377644,1.647012324,-0.205631757,0.811137563,1.224702335,-0.510802656,0.402961382,-0.098131319
-1.442628388,0.039397956,-1.304375262,1.775522052,0.196234876,0.468243022,-0.095106653,-1.015450099,0.016042674,-0.953278807,1.396745744,0.720686007,0.989976281,0.870468989,-0.272779032,1.410879719,-1.415330699,-0.026553069,-0.701143977,0.021792482
0.86444702,-1.443187389,-0.643042706,-0.222578216,1.762174836,0.496294113,-0.668006453,-1.226341601,0.405971292,-0.628302819,0.156843732,-1.519790285,-0.994376526,1.388589731,1.258167505,0.314974215,-0.122676374,-0.525991905,1.070199119,1.363961064
-1.116688192,0.087570571,-1.404565768,1.793560124,-0.536006198,0.994768013,0.115555543,-1.124579339,0.432599523,-0.657228884,1.160826189,0.8024772,1.025675702,0.894337135,-0.53216744,0.843990306,-1.176356552,-0.446036583,-0.860037547,-0.141051861
-0.600847207,1.334484239,0.960301032,0.465599939,-1.446714671,-1.418274421,-1.126167347,1.10422527,0.629530498,0.879201817,-1.492316077,1.299719756,0.865416613,-1.857754721,-1.460497982,-1.247496623,-0.605637893,1.096337651,0.719179304,0.403339865
-1.332587919,-0.825605517,1.403089112,-0.47884542,-1.261048927,-0.1570716,-0.129199646,2.110945789,-1.190598459,0.987642741,0.944665127,-1.335878665,-1.3871581,0.193523378,0.421831832,0.743131119,1.461609026,-0.962740982,0.50079087,-0.511672147
1.445321575,0.288248837,0.048085517,-1.0534091,-0.608307413,-0.890985453,2.132621181,-0.04807545,1.107757962,-0.273474519,-1.111429462,0.333718103,0.679125124,0.032708853,0.234862846,-0.900148398,0.451638435,1.321272891,-1.511647491,-0.262705858
-0.673499887,1.287801416,1.209717844,0.423475629,-1.631056672,-1.363256739,-0.623016541,1.242739949,0.442585397,0.514806825,-1.413634371,1.467064254,0.725603933,-1.795498385,-1.404504927,-1.582571078,-0.28764932,1.979670995,0.348546801,0.537009375
1.323671939,0.488069022,-0.636516029,-1.390427871,0.96193769,-0.533087033,1.844095601,-0.136773515,1.127506925,0.354139595,-1.169620496,0.580349719,0.57164651,-0.192086755,0.728304134,-0.516501257,0.567322502,0.996625791,-1.823716696,-1.680184184
0.544137572,-0.896122492,-0.309649709,-0.796517726,1.665773432,1.302690158,-0.270575018,-1.512136034,0.708297442,-0.947771252,0.12170328,-1.591654809,-1.192319003,1.039734505,1.170929876,1.07065589,-0.049912583,-0.316864446,1.588335206,0.338152809
0.891986649,-1.20533368,-0.076396181,-0.554459244,1.176050665,0.873413672,-0.182892616,-1.729811477,-0.015170481,-1.59481436,0.431342184,-0.88541233,-1.495389682,1.416327801,1.942511791,0.676512346,-0.570966176,0.422723323,0.952641275,1.397216941
-1.355087597,-0.159547173,-1.460643227,1.269138455,-0.096094667,1.042412627,0.126234457,-0.955322869,0.215407753,-0.927413948,1.555469376,0.809570108,0.986776481,0.481234952,-0.092059971,0.969271101,-1.411591729,0.030488621,-0.814149346,0.613848027
-1.337676509,0.124190356,-1.141216813,1.516176245,-0.46922489,0.289168918,0.129885321,-0.752974929,0.14784375,-1.031745992,1.191050129,0.341797681,0.704350195,0.503316283,-0.491640682,1.045288801,-1.354022584,-0.568782476,-1.166454917,-0.39630907
-0.345860222,-0.455052693,0.557403421,-0.196887489,1.122196366,1.11684936,-0.419398375,1.214465182,-2.406697158,2.098498144,0.53244801,-1.461785313,-1.330445201,1.005099685,1.119813776,0.344950118,1.947351114,-0.855725908,-0.243842609,0.048495917
-0.921752423,-0.32987651,-1.522205639,1.822079381,-0.27387505,0.662503897,-0.085833671,-0.782514995,0.089900633,-0.989817325,1.195323523,0.612053337,1.024827664,0.590378531,0.053881635,1.196838977,-1.297379471,-0.435103725,-0.988298451,0.218074112
-1.034035463,-0.741138839,1.076408089,-0.533881503,0.113354811,-0.025239472,-0.024544242,1.810646647,-1.302172536,1.279588341,0.458188012,-1.116515873,-1.292221929,0.217558982,-0.175618284,0.303786945,1.310558182,-0.73720423,0.577161728,-0.239013658
1.287274502,0.66961692,-0.420192254,-1.577965735,0.178494443,-0.829813026,2.157982154,-0.340545768,1.223145187,0.243605243,-0.85285977,0.86367563,0.852292129,-0.721033056,0.709545123,-0.066180683,0.881786847,1.347820688,-0.797921672,-1.113522949
1.097544959,-0.290356283,-0.139384878,-1.338660558,1.153968979,-0.435594529,1.72528311,-0.271136462,1.423358146,0.232119847,-0.904037933,0.725704885,0.540663023,-0.795748288,0.377031631,-0.413732091,0.133085064,0.375025232,-0.850195732,-1.121144189
-0.79085517,-0.607467346,0.959886633,-0.810348176,-0.588710501,0.79084734,-0.689422264,1.886994598,-1.410782175,1.18731467,1.077811385,-1.003503306,-1.496620007,1.175721301,0.358611585,0.379108566,1.206955522,-0.330990649,0.456233386,-0.46109443
0.586206827,-1.063380521,-0.85714232,-0.721266042,0.796052646,0.893836057,-0.067738719,-1.102217836,-0.095994332,-1.36918472,0.57053145,-1.13731054,-1.158950209,0.929943112,1.554042021,0.441755829,0.105117128,-0.690898197,1.34431534,2.635102884
1.075658858,0.594701801,-0.954567834,-1.534855949,-0.22837802,-0.843422968,1.239838866,0.052487831,0.961161356,0.183335016,-1.040686239,0.435043954,0.546674681,-0.362387039,0.440331432,-0.58694677,0.600786675,1.033400728,-1.346041431,-0.679298393
-0.646057047,1.350709966,0.803573875,0.338050733,-0.139517353,-1.047388403,-0.375321969,0.812710529,0.206751104,0.362111998,-1.452206466,1.031377195,0.980908606,-1.840795119,-1.403565381,-1.540844528,0.180104813,0.947079142,0.729851149,0.703511495
-0.275080677,1.816622503,0.929125714,0.384954911,-0.924946569,-1.23400386,-1.299673556,0.340357106,0.084591214,0.422630429,-1.236145996,1.197445076,0.617691169,-1.412957366,-1.706287955,-1.573189115,-0.356198697,0.93056508,0.63001782,0.236967418
-0.193193163,1.589091982,1.367398552,0.237614226,-1.450371672,-1.457402882,-1.398093149,0.953492832,-0.034026173,0.608671061,-1.183804015,1.590727951,0.905471582,-1.776354799,-1.828509092,-1.485984688,-0.747881175,1.914589812,0.700729912,0.04333252
-0.614572842,1.559742401,0.761898341,0.460477771,-0.907371152,-1.245955185,-0.873545441,1.413927954,0.292595484,0.249385112,-1.458233989,1.181244751,0.503071459,-1.500749848,-1.2754292,-1.378892624,-0.461163069,1.7920917,0.51600815,0.107010436
-1.523438153,-0.118453375,-1.197822577,1.761720862,-0.960004328,0.75083049,0.094682527,-0.954339167,-0.384007852,-0.782793818,1.449645333,0.668513199,0.860984095,0.649444367,0.137740807,1.194116314,-0.991663202,-0.292464565,-1.067530827,0.34982647
-0.433791346,-0.389123864,1.133375574,0.03178397,0.713011893,0.245830855,0.062115609,0.498139744,-1.071086475,1.511204604,0.751272078,-1.439933149,-1.184989879,0.427035953,-0.369988115,0.233728942,1.197852855,-0.526965606,0.674314441,-1.764482546
0.018816955,-1.338111878,1.294132499,-0.242151532,-0.964160787,-0.860354703,-0.564321684,0.327440241,-2.056045061,1.250890165,0.601081404,-1.086301231,-1.489253058,0.310902683,-0.466358869,0.539244197,0.219814235,-1.084827617,0.600192681,-1.83318688
0.077104763,-0.446141425,0.94744488,-0.147886097,-0.734103722,-0.45196061,-0.970298434,0.16583496,-1.506709658,1.714772992,0.275392412,-1.033835306,-1.520506173,0.794653507,0.025928334,0.008692919,1.842336301,-1.319714073,0.020715911,-2.498106497
-1.093226388,-0.200369824,-1.179541429,1.448213529,0.248753783,0.497223756,0.392728129,-0.764233186,0.086945266,-1.015261253,1.012893776,0.613692024,1.016741865,0.473627457,-0.38992084,1.201917259,-1.036193553,-0.327985743,-0.78275499,0.04067517
-0.232942669,-0.4468556,1.652421997,-0.253816316,-0.783604326,0.241377597,0.164846323,1.473395911,-1.354502907,1.628971439,0.886677945,-0.704675847,-1.350981199,-0.035789106,0.119938176,-0.038698261,1.01767037,-1.30216865,1.270875233,-0.791060012
-1.760121654,0.18563639,-1.426268241,1.598487559,-0.404707074,0.531335412,-0.122400757,-1.223884077,-0.154981923,-0.827513862,1.107794508,0.872323837,1.055676834,0.879026038,-0.144360516,1.364667429,-1.335734112,-0.32917164,-0.998216161,0.704043928
0.076044061,1.670692262,0.832616984,0.437502948,-0.755269815,-1.514633058,-0.791454971,0.901649264,0.285089232,0.415081143,-1.261448552,1.036919806,0.670244246,-1.481377859,-1.482132284,-1.484674205,-0.641865214,1.108364846,0.783163609,0.362555488
-0.179962602,1.706306299,0.612215119,0.415516197,-1.014237584,-1.387951496,-1.374865532,0.731659344,0.164618049,0.706078176,-1.553319107,1.276745462,0.827087056,-1.55478057,-1.560254684,-1.502491103,-0.472757459,0.750113498,0.312731238,0.578681348
1.273144058,0.666414501,-0.699429711,-1.288626091,-0.071089227,-1.280547332,1.730134927,-0.162130028,1.313784954,-0.148781619,-0.799355394,0.385787354,0.595176091,-0.347800874,0.783380458,-0.68660998,0.318260842,0.608903592,-1.096109685,-0.296185445
1.293812779,0.030691508,-0.125589901,-1.270022888,0.165845886,-0.954133859,1.580992656,0.190111828,1.496956604,0.121586127,-0.785963812,0.638343701,0.549280995,-0.477152327,0.736218119,-0.609555808,0.630389,0.528108345,-1.250247979,-1.041515259
-0.236564574,1.541563486,0.826969319,0.440191749,-0.700726428,-1.562632595,-0.922802341,0.820262226,0.484846169,0.364676028,-1.351352583,1.337724206,1.005454531,-1.738016793,-1.815495036,-1.238442071,-0.685726293,0.650700812,0.477043429,0.023647174
0.030233536,-1.070054723,-0.465605227,-0.545745618,0.884659835,1.286828712,-0.764362079,-0.721075341,-0.03192903,-0.908152186,0.897717211,-1.452578596,-0.975099891,0.712823602,1.509347948,0.308965296,-0.223265823,-1.253328036,1.402423885,0.424853221
0.474630328,-1.111433457,-0.270571294,-0.261989509,1.590661831,1.829124179,-0.177003935,-0.657230261,-0.31825922,-1.818190095,0.406082941,-1.194847083,-1.255218299,0.939815939,1.138847407,0.986048031,-0.297869716,-1.108103053,1.772952389,0.974096268
-1.146763984,0.012609004,-1.37404953,1.346567123,-0.159294483,0.921102332,0.148433447,-0.469151606,0.011766442,-0.673129466,1.224641736,0.732771848,0.907813019,0.708076977,-0.11831069,1.117909466,-1.128933695,0.11479491,-1.22014844,0.122757821
0.046771503,-0.62040498,1.06431437,-0.428246503,-0.48902476,-0.183446595,-1.032122519,1.602375459,-2.382675792,1.882113634,0.620247628,-1.369065766,-1.040438948,1.103853312,0.625061931,0.476040797,2.034134578,-1.877161184,-0.085398912,-1.677757875
1.201753044,0.250996028,-0.277446127,-1.653447136,-0.710526332,-0.685666613,1.789720537,-0.110697309,1.314576887,0.030534574,-0.855546649,0.393076789,0.237895806,-0.88398575,0.948711599,-0.575698837,0.788505089,0.718155076,-1.15542424,-1.361872883
-1.428672334,-0.044847099,-1.239341543,1.83578033,0.10116315,0.470299314,-0.240999913,-0.231509677,0.331009933,-0.815555085,1.028773071,0.7823077,1.015812561,0.635901631,0.029464585,1.059178008,-1.406922688,-0.410926871,-0.943933134,0.511512783
-1.3292508,0.140805725,-1.235178316,1.624539022,-0.187079596,0.700175351,-0.083343425,-1.321171088,-0.112481354,-0.823235333,1.303809715,0.802569049,1.060748619,0.85424761,-0.342258231,1.090451931,-1.153696658,-0.873520315,-1.113306233,0.270011818
-0.165355538,1.46730045,0.990269964,0.429762207,-0.962405704,-1.254267484,-1.088078485,2.017008417,-0.121394867,0.433216965,-1.064352116,1.423441364,0.792902507,-1.477137273,-1.671046858,-1.789395657,-0.266342447,1.180177005,0.725461064,0.194351923
1.05637203,-1.165017499,-1.313538558,-0.215530755,0.746806085,1.216480359,-0.475461433,-0.540571323,0.553076862,-1.19283315,0.282433876,-1.190614023,-1.104262808,0.628353523,1.341781,0.873007482,0.239864574,-0.185316807,1.238507138,1.675013033
-0.850102103,1.419870124,0.789760294,0.675163699,-1.575091254,-1.13466976,-0.501348247,1.394884863,0.172361184,0.515178731,-1.335459735,1.36965731,0.925989874,-1.683356274,-1.754166709,-1.973830497,-0.565405122,1.975279206,0.212486656,0.366020036
-0.394602875,1.083296214,0.855940628,0.283035374,-1.07118527,-0.714453978,-0.809430999,1.039969837,0.435443389,0.634115822,-1.193776521,1.32167924,1.045624411,-1.947369573,-1.655753708,-1.802950016,-0.212188593,1.101516789,0.442786995,0.131194124
1.294939633,-0.030257769,-0.330625724,-1.757982633,-0.005952173,0.051084048,1.507696111,-0.126837144,1.552382029,0.024851239,-0.953724327,0.367198194,0.528907203,-0.703505906,0.6427966,-0.907942224,0.880904046,0.305896327,-0.878099117,-1.21965753
0.334911253,2.030563234,0.860222536,0.41304792,-0.575221066,-0.938587823,-1.342666964,0.412375611,0.251352806,0.750217414,-1.187728257,1.437417511,0.578611514,-2.145915031,-1.478299713,-1.796008211,-0.884593207,1.277672929,0.771886679,0.086194485
-1.31584502,-0.429589845,1.465392353,-0.256766497,-1.549049687,-0.098119129,-1.041781474,-0.57612567,-1.694656377,1.165269571,1.408833664,-1.120739523,-0.955494331,-0.04650463,-0.012088283,0.38780027,1.054883303,-1.227281253,0.236891562,-1.015101275
-0.091061191,-0.741228333,-0.623389069,-0.110329197,0.402342293,1.469905983,0.030890262,-0.813154917,-0.13905106,-1.159548515,-0.04959285,-1.144757491,-0.921544686,1.206605348,1.063496247,0.30719131,-0.123974968,-0.87765909,0.678646365,1.661390384
1.749346082,0.750394812,-0.559460008,-1.421850486,-0.224531601,-0.800881762,1.499340252,-0.589736561,1.347482927,0.00271859,-0.847375942,0.519125646,0.737535338,-0.173367389,-0.028122346,-0.709483673,0.362743605,0.938277568,-1.426067273,-0.544471876
1.331260231,0.540594777,-0.304008217,-1.558990561,-0.132992326,-0.678705762,1.34863999,-0.039512283,1.060054011,-0.564856177,-0.982408322,0.354810186,0.952287273,-0.623060845,0.289646426,-0.354764745,0.239730889,0.50541318,-1.0578383,-1.349625862
1.070782279,0.526955789,-0.364098583,-0.803004231,0.60093095,-0.985914693,1.585824879,0.45148604,0.82147512,0.019427305,-0.964896974,0.35215037,0.654420473,-0.357859186,0.604642298,-0.489954188,0.631946365,0.92754002,-1.328170433,-0.862752301
1.061652456,-1.200838152,-0.365561264,0.134207675,0.758541428,1.465350869,-0.363867894,-1.184344642,-0.049727061,-0.835787067,0.234857235,-1.017336488,-1.518324091,1.391762213,1.520854957,0.62033462,-0.529713525,-0.686654186,2.252770525,0.199645066
-1.346310072,-0.243863592,-1.215101135,1.418713604,-0.165823758,0.754396437,0.250901361,-1.014191406,-0.209666175,-0.909653335,1.285003009,0.500449465,0.932773644,0.78969056,-0.466194215,1.170284372,-0.960323434,-0.623785962,-0.738820397,0.268267097
-1.535878584,-0.015173403,-1.096618599,1.481210676,0.295946082,1.000908843,0.297158379,-0.87831112,0.042309186,-0.763418121,1.194176868,0.351425348,1.085390733,0.54672553,-0.415006991,0.987359158,-1.415303552,-0.62088585,-0.919753282,0.861301321
-1.290799489,-0.153082428,-1.135233365,1.288657503,-0.576558294,1.007605441,0.168802077,-0.645710502,0.388889261,-0.944128636,1.263506615,0.566993867,0.731909987,0.648223898,-0.03282684,1.211234693,-1.138447293,-0.434266,-1.195741816,0.956335545
-0.5814234,1.588057848,0.854002947,0.938578811,-1.871739688,-1.460863861,-0.756952431,1.22373434,0.203148421,0.601614823,-1.242109542,1.149414627,0.961283369,-1.068719134,-1.808103002,-1.899680582,-0.402246961,2.10941978,0.246983371,0.774888135
-0.583601726,1.514608656,0.590748996,0.177605535,-0.597729297,-1.022305673,-1.125070778,1.001896017,0.122226163,0.575462918,-1.41151723,1.255172268,0.723058976,-1.699057607,-1.493039455,-1.691371882,-0.434146763,1.365190356,0.342997581,0.213163999
-0.701543427,-0.452760474,0.857508448,-0.422413194,-2.955180446,0.436461866,-0.808525281,1.448056164,-1.43336404,1.741167795,0.431962495,-0.818793579,-0.608822744,0.696170407,0.588727588,0.372735714,1.235064386,-0.45866647,-0.376012349,-1.37034897
0.112278463,-1.251854136,-0.490244386,-0.797851015,0.504288683,0.921119949,-0.594697394,-0.923306122,0.138757262,-1.331675365,0.380460124,-0.675584803,-0.753772836,0.331988706,1.401869341,0.632168759,-0.280780275,-1.093121531,1.51352266,1.222623813
-1.667666776,0.023448673,-1.278413003,1.539023421,-0.049475457,0.373741374,-0.125965345,-0.976018858,0.109017569,-1.061753222,1.296880309,0.519540605,1.041224156,0.381942911,-0.259377842,1.204711774,-1.259456578,-0.462085082,-0.932633021,0.495633105
0.597107715,-1.774257765,-0.668148591,-1.044491731,2.236908764,0.75092019,0.074165653,-0.466059798,-0.081189507,-1.499209276,0.411986579,-1.445987075,-1.12640682,0.886325437,0.539308915,-0.152521921,-0.408417458,-0.998375528,1.233222727,1.610968806
0.77832462,-1.410918122,-0.333804699,-0.303023369,1.20854489,1.340641125,-0.562442797,-0.838908243,0.642975035,-1.38323186,0.583829652,-0.798729411,-1.27531126,0.536407419,1.362552917,0.514999544,0.409882378,-0.855741785,1.207344836,0.666342593
-0.446160628,-1.097050817,1.764871351,-0.781380147,0.000403177,0.485997145,-0.921403416,0.883634688,-2.060539422,1.794445277,0.401354392,-1.234653953,-1.565480315,0.043442612,0.802298996,0.574768179,1.546560472,-1.392768564,0.570886953,-1.49929543
2.087853105,0.671746456,-0.112048602,-0.943938135,-0.258995556,-0.216213911,1.805040522,-0.402019235,1.115237194,-0.180690667,-0.822277467,0.522540632,0.519988495,-0.242102101,0.377020035,-0.618248144,0.53828284,1.167932318,-0.904315725,-1.118728584
-0.133916856,-0.881203665,1.590803387,-0.363576161,-0.539443971,0.088183933,-1.275807704,0.630802253,-1.46585751,1.573973517,1.141065693,-1.17026282,-1.101186646,0.712126268,1.215659445,0.451649015,1.135793898,-0.521994341,0.988077604,-1.16988391
1.895890642,0.49769509,-0.09943207,-1.32849742,0.655588734,-1.12564865,1.550117636,0.48408097,1.636269605,-0.307477638,-0.896101268,0.360738792,0.48887428,-0.380211524,0.904346714,-0.404315636,0.508021541,1.04161678,-1.272508186,-0.737026323
-0.521505216,1.384960162,0.837286454,0.559531871,-0.819925659,-1.727950135,-0.848964655,1.917857439,0.510793866,0.732511704,-1.250473867,1.283117314,0.862893117,-1.915010863,-1.736394286,-1.957674054,-0.314734789,1.475848192,0.403116656,0.842742991
0.231403819,-1.098610001,-0.858389546,-0.397862192,1.227117769,1.346567853,-0.718726161,-0.215327882,-0.048994951,-1.638457445,0.292073504,-1.154439462,-1.101150361,1.446857499,0.984152053,0.650894114,-0.864648034,-0.305396123,1.417853115,1.083127842
1.231369519,0.609611218,-0.632092705,-1.053073616,0.205038917,-1.013943076,2.061165288,-0.626397649,1.414483647,0.039827622,-1.372686314,0.274144589,0.484328946,-0.053437309,0.73001764,0.00905811,0.989708983,0.798188227,-1.162305348,-1.172680086
0.397330669,-1.875571722,-0.614438333,-0.402758309,1.676379788,1.107523155,0.226999376,-1.886275747,0.649942098,-1.26005428,0.45579762,-1.18787187,-0.873367485,0.717935043,0.742041673,1.030494394,-0.344751462,-0.675455197,1.912701996,0.660508534
-0.923686142,-0.208791854,1.273311466,-0.420532806,0.347984135,0.224414366,-0.041935744,1.156983035,-1.402908379,1.852446468,1.010801677,-1.141827002,-1.54239647,1.036626215,0.095615069,0.198492061,0.7591811,-0.66172826,0.253832052,-2.184985239
-0.233673112,-0.425275457,1.067483782,-0.294512055,-0.356372201,0.74068306,-0.459815597,0.713966157,-1.108044425,1.61734132,0.456598038,-1.111494873,-1.25400616,0.575205688,1.291721129,0.554274855,0.467253695,-1.176534584,-0.573657716,-1.153575305
-0.067452218,-0.880818956,-0.490988578,-0.163385474,1.201173649,0.848703929,0.09929056,-0.608623765,0.563287003,-1.272018994,0.123907195,-1.588678238,-0.957440637,1.052165989,0.827603502,0.458648614,-0.442683893,-1.47227784,1.189273871,0.594602835
-1.334192779,0.064640115,-1.314635743,1.414481566,-0.357268036,0.534961976,0.059772042,-0.519282464,8.65E-05,-0.702048989,1.410384534,0.531105837,1.043476856,1.138242267,0.094842287,0.676839117,-1.201696882,-0.343039814,-0.888433896,0.210094567
-0.998092071,0.063482457,-1.35018993,1.659525542,0.236343943,0.606100827,0.045706927,-0.849574317,0.125863108,-0.695398444,1.118055821,0.952655984,0.95948268,0.736605598,-0.25759591,1.607170025,-1.1778337,-0.459394118,-0.895748164,0.561675044
-0.406787355,1.329887159,0.810195713,0.271435457,-0.39597389,-1.452255185,-1.106434757,1.112520262,0.26488457,0.528537396,-1.181901927,1.383324498,0.704007092,-1.878469582,-1.695059754,-2.106067805,-0.613385672,1.79063625,0.847996757,0.043993898
-1.426582901,-0.097917756,-1.210023743,1.42715641,-0.193501523,0.72752773,-0.090482834,-0.774344748,0.021746229,-0.698998941,1.189354943,0.540953385,1.013166729,0.745206379,-0.183390003,1.496457297,-1.458048747,-0.441209521,-1.117603274,0.324797784
2.03060365,0.372143588,-0.115423095,-1.111619062,-0.744674133,-0.595367879,1.855436607,-0.105495512,0.931808422,-0.284169796,-1.12752211,0.44138771,0.832520333,0.090055838,0.869501039,-0.267497972,0.161968056,0.637817685,-1.100750258,-1.207424045
-1.16513235,-0.265811108,-1.198862665,1.377798533,-0.14482973,0.662247572,0.135598611,-0.849499802,-0.220728818,-0.922230986,1.25328578,0.956638444,0.92055509,1.11339945,0.18712339,1.063852245,-1.34794405,-0.53746096,-0.932736887,0.043629601
-1.270629604,0.090800941,-1.3039026,1.666881923,-0.79868156,1.009160323,0.060874607,-1.160043598,0.095745854,-0.965478716,1.339948165,0.96357674,0.938462006,0.749855925,-0.469685042,1.128984026,-1.42373072,-0.538503666,-1.242764324,0.816427688
-1.559315752,-0.133437611,-1.377085015,1.416878217,-0.312408212,0.716160422,-0.117875456,-1.666225229,-0.056694015,-0.878732507,1.175970476,0.477212648,0.978434087,0.596199472,-0.202321979,0.917501417,-1.557406569,-0.737294298,-1.018748705,0.200421832
0.608751339,-1.226117096,0.002906724,-0.785001214,1.496640498,1.299698486,-0.097956843,-1.507020569,-0.413150218,-1.165960242,0.327207678,-0.728895703,-1.367856587,1.331795167,1.85218815,0.587434974,-1.027714379,-0.946120352,1.501372,1.514055667
0.565375895,-0.553404776,-0.456928248,-0.416607351,1.203404663,1.921993323,-0.57544055,-0.632179432,0.002492641,-1.351716112,0.562652274,-1.27058254,-1.232486908,1.307319692,1.62494937,0.86604801,-0.676337697,-1.054853129,1.513501858,1.406499621
0.336322376,-0.566177906,0.635151903,-0.880637768,-0.038536982,-0.148588688,-1.858751272,1.700908127,-1.3749603,1.56729805,0.573540838,-1.041196672,-1.491990929,0.595748798,-0.226427057,0.986283389,0.785025109,-0.331560913,0.234555556,-1.275902354
0.966826578,-0.879406191,-0.435881679,-0.409087479,2.073836118,0.810279786,-0.139581919,-1.694730956,0.537923502,-1.292556665,0.554064806,-1.009185509,-1.378350029,1.392592195,1.671031359,0.949852702,-0.749990047,-0.865584761,1.499962175,0.7780624
0.384606863,-0.540846593,1.440532859,-0.231748117,-0.455121994,0.270364529,-0.836603876,0.751258,-2.686390062,1.589687889,0.674812141,-1.222279056,-1.252147866,-0.084478749,0.992930453,0.235695659,1.469207503,-1.520482916,0.362428086,0.020408165
1.512098403,0.914140513,-0.266782055,-1.683597308,-0.334201623,-0.606308006,2.132054631,-0.30011589,1.563727682,-0.302803913,-1.254747541,0.373395871,0.907658358,-0.364317536,0.553148616,-0.369453128,0.782474408,0.677156332,-0.934883836,-1.442045445
-0.531526208,-0.802739996,0.972129314,-0.091842498,-1.425403544,0.628141169,-0.375620052,1.280227977,-1.526957973,1.887280464,1.002529328,-1.282343849,-1.423843915,0.1560723,0.357102071,-0.06276891,1.88212208,-0.258665847,-0.134528136,-1.023118632
-1.654415726,0.431039146,-1.513772604,1.492897967,-1.113074428,0.762774674,-0.067695166,-0.962460873,-0.119810221,-1.057001799,1.120591833,0.611858084,0.864807501,0.560174939,-0.047584411,1.523356797,-1.062879121,-0.519712845,-1.174401782,0.340024805
-0.469990435,1.220202709,0.719206856,0.596259309,-1.484890051,-1.636014731,-0.86037435,1.204690983,0.17707825,0.504287588,-1.328135938,1.109814295,0.830102119,-1.407260305,-2.069636053,-1.849676949,-0.740566015,1.201578213,0.538150762,-0.318531204
-0.58096097,1.531815701,0.94973075,0.401422344,-1.673517962,-1.398211362,-1.230055916,1.56538079,0.201289544,0.324034619,-1.301559185,1.036255921,0.765758865,-1.446511504,-1.943637195,-1.588204986,-0.403640305,1.455050201,0.422139156,-0.153024678
-0.100920773,1.494557967,1.026310475,0.577591021,-1.500262199,-1.089652757,-0.987936988,1.036454835,0.348585983,0.398614718,-1.280571083,1.125872231,0.958008307,-1.594957237,-1.798365612,-1.422158935,-0.081199992,1.40057908,0.577493518,-0.284065017
0.057942403,-0.760120111,-0.593212829,-0.29226631,2.023896402,0.949417862,-0.017492991,-2.613780869,-0.129148992,-1.407974703,0.005111336,-1.154207852,-0.970194836,1.152156241,1.256394188,0.412631939,-0.125591743,-0.679496167,1.774651077,1.704827745
2.210924157,0.68098613,-0.718511991,-1.518282635,0.075492982,-0.625060983,1.618021818,-0.047455118,1.21179417,-0.118346551,-1.097890996,0.651095383,0.365274751,-0.321202762,0.655025625,-0.506684829,0.493496109,1.299666052,-1.195725369,-1.289124285
-0.688453951,1.586346483,0.922242397,0.284673487,-0.857342566,-1.193176601,-0.588793659,1.66601184,-0.127072109,0.499397045,-1.096764287,1.268375038,0.898100796,-0.898312041,-1.595074869,-1.357296276,-0.111103967,1.611432127,0.351529328,0.575195281
1.62747299,0.555789181,-0.477994738,-1.230253148,0.844531906,-0.676497904,1.566392797,0.439948448,1.00151757,0.126985356,-1.031452214,-0.016183215,0.818276744,-1.218820811,-0.102420646,-0.471654154,0.716907562,0.670139196,-1.031827674,-2.406369144
-1.219674881,0.106970519,-1.553316837,1.325063915,-0.603529479,1.127619217,0.563348546,-0.324395727,-0.00818512,-1.052220315,0.940766138,0.533027742,1.048264497,0.907217976,0.038850487,1.145067991,-1.399273573,-0.48357687,-0.955566426,0.50110189
-0.333637774,-0.531371692,1.504580583,-0.247763937,0.920245067,0.103848847,-0.879319414,0.627920684,-1.234256841,1.526384272,0.795551615,-0.832683921,-1.810028694,0.588065656,0.304613022,0.97952798,0.927346077,-0.187561399,0.27102765,-0.590017358
-0.629731073,-0.60824562,0.846678299,-0.161965921,-1.157496688,-0.021254519,-1.255810556,2.516815351,-2.40424055,1.397350403,1.061623296,-0.839663442,-1.025489565,0.366705184,0.746832764,0.689277004,1.576293838,-0.850499891,0.033908436,-1.586113785
0.120564797,-1.226824472,1.432098507,-0.681899734,-1.320537585,0.234438576,-1.118326876,1.274580431,-1.327753513,0.800976059,0.447625283,-1.549747401,-1.338033361,0.651613057,0.0805723,0.148608645,2.062048775,-2.173572244,0.803081775,-1.596099638
0.987029198,-1.70510394,-0.661447682,-0.442824524,2.377013594,1.508123765,-0.440034746,-0.8660157,0.067306613,-1.129560626,0.380574536,-0.912624388,-0.881674751,1.083037533,1.019618117,0.832828372,-0.413638259,-1.377964773,1.329634892,1.28721212
-1.431801203,0.525824427,-1.397455065,1.856902313,-0.55290135,0.576479448,0.05089444,-1.199288019,-0.024572651,-0.974298889,1.1498781,0.811727333,1.166544079,0.969909733,-0.143636354,1.164861642,-1.307281187,-0.572048146,-0.937983041,0.113306597
-0.280167329,1.688963246,1.045834183,0.520780297,-1.275601692,-1.331760367,-0.451612666,1.806040406,0.561859826,0.583789497,-1.447452439,1.175623335,0.819799831,-1.496991556,-2.046675368,-1.273667329,-0.485283599,1.182198175,0.253345097,-0.427036218
-0.494246234,1.566657977,0.80829014,0.496512284,0.073521882,-1.802821568,-0.696663326,0.62326189,0.141924468,0.829470903,-1.28196265,1.023204421,0.706695412,-1.560790065,-1.823429012,-1.586730509,-0.516320953,1.146840557,0.987794518,0.43077226
-0.533107059,1.561308193,1.285680361,0.749452187,-0.748275485,-1.395339264,-0.844532376,1.326226732,-0.372315598,0.553144298,-1.189664739,1.044364879,0.810339693,-1.743700532,-1.267727592,-1.247258157,-0.428474105,1.199981515,0.463133967,-0.057995575
1.535990111,0.672896296,-0.501276952,-1.145972757,-0.281045119,-1.313278383,1.50084571,0.015988296,0.949745273,0.358560158,-0.794916072,0.803776241,0.665686718,-0.483175339,0.133330592,-0.24508219,0.437506319,0.956278261,-0.546224595,-1.091692191
0.976535528,-1.672275943,-0.123200309,0.45289372,0.58555225,1.472647415,-0.45480542,-1.983987192,0.408846086,-0.998774659,0.151711634,-0.942271214,-1.494405237,0.44147097,1.208232577,0.633865543,-0.709727553,-0.51367849,1.694843831,1.757877803
-0.527768151,-0.742710749,1.57526277,-0.440543599,-1.056329564,-0.492189076,-0.915977748,1.435305883,-1.675316751,1.229672882,0.487617123,-1.047489639,-1.246698793,0.451966664,0.723834742,0.986881176,0.701775707,-0.697984876,-0.039353227,-1.115467825
1.525027106,-1.267833928,-0.316915082,-0.512262869,1.507066733,1.116670882,-0.422850864,0.109116289,0.506538166,-1.211654945,-0.26825415,-1.23882085,-0.50791162,0.829655193,1.524703136,1.100182014,-0.25175368,-1.182870691,0.587390921,1.652385131
-1.634880256,0.267307321,-1.227256141,1.521650944,0.117365189,0.355646112,-0.008003223,-0.850968916,0.207514493,-0.883411341,1.246077752,0.486663219,1.097992683,0.969556919,-0.009463842,1.077922556,-1.099105113,-0.207620166,-0.891079224,0.836317359
0.459062442,-0.635579851,1.763806721,-0.367051054,0.102241447,0.671537682,0.163759138,1.542188592,-2.164328731,1.448867304,0.778998734,-1.090251074,-1.189360951,0.72754011,0.599104375,1.028647552,1.415902408,-1.670779351,0.324873575,0.427523386
-0.417436768,-1.002084916,0.881782841,0.150746847,0.944592106,0.84823558,-0.373128979,0.918621617,-2.139784238,1.377350753,0.56576742,-1.666903954,-0.926092616,0.095486295,0.665914021,0.661547581,1.829423923,-0.630692441,-0.012026998,0.475303298
-0.476623652,-0.69149962,1.420760498,-0.840992489,1.6955746,-0.0687571,-0.29846987,1.304406306,-1.794190542,1.534873203,0.801691466,-1.593394242,-1.365716758,0.169946494,0.032667652,-0.109954049,2.1006315,-0.104600929,0.732503633,-0.108241093
-0.500052259,-1.35021712,1.817971467,-0.347892669,-0.380779413,0.050198275,-1.204875634,-0.16034237,-1.238704961,1.208760202,0.721353792,-1.770461756,-1.633760089,0.71560358,0.492039884,1.031590712,2.079213197,-1.029825208,0.364926512,-1.102702915
0.196823809,-1.104197063,-0.869743231,-0.133900848,1.575570821,1.372974117,-0.249792388,-0.839442016,0.66267035,-1.297810364,0.318801318,-1.478358022,-1.34697766,0.948422772,1.505413789,0.529385257,-0.42950539,-0.939582276,1.25459797,1.419257279
-1.375549999,-0.362508567,-1.33538206,1.531689159,-0.347239717,0.692128278,0.27998328,-1.249167456,-0.097668986,-0.825021021,1.07338695,0.686030136,0.842675929,1.034346572,-0.450181087,1.039477998,-1.161290793,-0.346324757,-1.01659877,0.560295106
0.159310029,-0.794542815,0.857501907,-0.809262863,0.442143067,0.001199378,-0.60572728,1.747248149,-1.958781115,1.326780277,1.157055761,-0.969861465,-1.626713433,0.605355721,-0.232477198,0.951415911,1.166619738,0.648190504,0.677846605,-1.486112514
-1.187636481,0.038029098,-1.268728983,1.642985355,-0.668479301,0.282977788,0.197651731,-0.322148414,-0.15158548,-0.700817313,1.451492959,0.61544894,0.960581643,0.740758714,-0.240797519,0.928185032,-1.055575716,-0.675245077,-1.203301365,0.403840596
0.257243238,-0.992153034,-0.662022428,-0.647065081,0.716755749,1.218467678,-0.737475111,-1.531549802,0.839461174,-1.331116245,0.159212729,-1.208214873,-1.15099863,1.240324723,1.374388929,0.500059221,-0.745616056,-0.384527098,1.318131661,2.206944127
1.297988145,0.897626816,-0.838566957,-1.212391785,-0.612455085,-0.989606139,1.228320256,-0.468522478,1.546580425,-0.012459627,-1.175565206,0.678111679,0.796137534,-0.359804633,0.939986317,-0.283006857,0.715029312,0.510943542,-0.888920484,-0.901400196
-0.816029632,0.970917971,0.791913209,0.595334865,-0.374609519,-1.561981522,-1.078093834,1.591722506,-0.242684776,0.581647306,-1.231347412,1.364041702,0.725822069,-1.696302487,-2.171921794,-1.78537877,-0.274317593,1.017065216,0.536396683,0.550253292
-1.351669054,-0.352702064,-0.99827978,1.3782879,-0.299955932,0.788065889,0.209598272,-0.690771965,0.293515684,-0.761959722,1.345616622,0.666821128,1.095214188,0.678707365,0.050849309,1.3000398,-1.02069143,-0.512959714,-0.974001178,0.541971141
-0.255888107,1.145149195,0.786920865,0.554168403,-0.94060775,-1.298679323,-0.760655373,1.624815873,0.027960755,0.54210299,-1.285004629,1.362204248,0.850721376,-1.553184196,-1.315655268,-1.894702303,0.069996444,1.901034034,0.705898422,0.952643886
-0.829501709,-0.293519729,0.285774746,-0.336285901,0.919691811,-0.456352182,-0.359835943,0.4197641,-1.822312105,1.642926884,0.769456005,-1.71542926,-1.558364894,0.732646051,0.479489759,1.084808193,2.29395762,-1.216662492,1.292641343,-0.892384352
-0.545004398,-0.733337103,1.083371754,-0.033067952,-0.792997806,-0.185594885,-0.851742013,1.547737625,-1.902621191,1.582987145,1.235828118,-1.142122921,-0.981870692,1.103752517,0.63086827,0.375885049,1.771931461,-1.72908942,-0.033086848,-1.139611181
0.788127143,-0.618824233,-0.251026584,-0.439215824,1.479956596,1.644375876,-0.688159488,-1.331581072,0.029262215,-1.725775326,0.320356642,-1.708578925,-1.105132565,1.204489202,1.041771962,1.186913438,-0.867930965,-0.235037608,1.707950634,0.330649257
-1.148837181,0.038689991,-1.375149767,1.700890851,-0.622676816,0.697211738,-0.115412859,-1.453168594,-0.065423805,-0.845113111,1.261032371,0.84681588,1.017132034,0.203547807,-0.1759948,0.855055947,-1.466147472,-0.57062246,-1.179124008,0.117678404
2.097653688,0.613372274,-0.821473084,-1.121337335,-0.973308774,-0.58910192,1.249870365,-0.580981889,1.201534779,-0.217405915,-1.017007234,0.7126096,0.474324971,-0.268607267,0.156720436,-0.4447821,0.600174629,0.494010671,-1.487643169,-0.838335072
0.185014753,-0.855685211,1.455599024,-0.211736954,0.499647137,0.291952696,-1.015161611,0.456291645,-1.481112965,1.89585647,0.550825644,-0.861469764,-1.27624681,0.611646055,0.861420411,0.706900882,0.917831534,-1.11497721,0.741540187,-0.748804707
-1.07220929,-0.364263448,-1.280382281,1.333033302,-0.777760474,0.921479975,0.178583742,-0.831821708,0.183546939,-0.914080039,1.137370624,1.006228345,0.967591293,0.883931724,-0.155611074,0.691692479,-1.587599604,-0.556767373,-0.782034629,0.74252246
1.520348075,0.706177149,-0.522233072,-1.099032663,0.350825635,-0.683967649,1.532893203,-0.648557879,1.275052803,-0.276659395,-0.957439749,0.538114502,0.731885417,-0.850369827,0.782823084,-0.078978972,0.517876683,0.542005099,-1.112904432,-1.141650876
0.29732955,-1.077379664,2.016830302,-0.74417214,0.778691198,-0.00910297,-0.98622088,0.225354062,-1.758420841,1.60966632,0.847853868,-1.434456018,-1.458959149,0.113789176,0.186180839,0.391354398,1.097931619,-0.847042964,1.13303572,-1.420430518
-0.290071873,-0.919042245,1.086210637,-0.182240866,0.382737148,0.079955318,-0.44681281,0.690915056,-1.648042336,1.37650762,0.717932305,-0.199777439,-1.167879749,0.75815818,0.357519957,0.134724849,2.112373022,-1.030978302,0.667223406,-1.246233136
0.682401458,-1.206110835,-0.560651004,-0.434642885,1.446840784,0.988599643,0.013864361,-1.163197343,0.595625639,-0.847431742,0.113631118,-1.172556535,-1.29888698,0.82443716,1.755920496,0.573592347,-0.206723589,-0.65689292,1.058414606,0.783150344
0.911725618,-1.299127616,-0.936827491,-0.448230934,0.246745763,0.748891449,-0.19176239,-1.452063969,0.486018035,-1.302206375,0.324809903,-1.254529722,-0.960387886,1.225416689,1.306747953,0.711524152,-0.502261046,-0.399665629,1.360240765,1.288441687
-1.559561453,0.120615805,-1.380266983,1.511960217,-0.355814008,0.512917923,0.245939247,-0.546942393,0.09710043,-0.856080257,1.077104822,0.69123146,1.244438885,0.649921895,-0.249394664,0.979141096,-1.302849194,-1.056723456,-0.844898771,0.268143919
-1.143639335,0.031937191,-1.200005031,1.586704052,-0.055155832,1.03119257,0.24895036,-0.915861743,0.328844804,-1.173980399,1.494881651,0.373365414,0.973995606,0.786851959,-0.211652659,1.15953218,-1.460826272,-0.32854933,-1.194690335,0.427794625
-0.233477487,-0.693227158,0.993817205,-0.367063324,-0.221680299,0.153086256,-0.873315255,-0.056914997,-1.681901567,1.890923904,0.710886648,-1.193338592,-0.986452123,0.445170853,0.933152206,0.28463337,1.716781145,-1.26470036,0.354880142,-0.768933887
1.433323205,0.557356752,-0.432016122,-1.630451421,-0.966956258,-0.317801417,1.422686257,0.177205938,0.936476703,0.164177006,-0.569235584,0.004824562,0.394066282,-0.304012589,0.563338783,-0.272952127,0.311711603,1.625877208,-1.001679774,-1.713611658
0.865597159,-1.490799478,-0.078872784,0.063697576,2.347688723,1.353181686,-0.048496469,-0.221979315,0.27107438,-1.321402618,0.127933318,-1.140471126,-1.340436419,0.895618275,1.406784531,-0.166172904,0.184551299,-0.245446831,1.1921613,1.589871118
1.506280521,-0.95345652,-0.409037114,-0.102787598,1.527718545,1.297008623,-0.598712729,-0.708173218,0.288407341,-1.342310816,0.709207005,-1.090648579,-0.907646168,1.388678971,1.103674948,0.831163269,-0.127469146,-1.037913538,1.536021945,1.356084428
-0.269655567,1.244231656,1.115257693,0.503584591,-0.857291113,-2.016455097,-0.42639581,1.23594155,0.40842949,0.512884693,-1.186526726,0.9656652,0.659352128,-1.313333701,-1.681473605,-1.576115464,-0.136884659,1.472460307,0.475304595,0.316320403
-0.765608842,0.139216182,-1.563153458,1.699321854,-0.40837819,1.107420903,0.345626967,-1.891083721,-0.038960664,-0.693019903,1.306893525,0.422669106,0.853251318,0.328698286,-0.36443145,1.575110149,-1.08515805,0.1606083,-0.804275299,0.816419612
0.88216649,-0.802937708,-0.831841716,-0.614867143,2.225494835,1.212805773,-1.136479873,-1.516129883,0.071787283,-1.529775226,0.205352244,-1.196414871,-0.766072515,0.800227904,1.478973192,1.216803394,0.113480401,-0.754481875,0.834900229,1.390670433
1.254615627,0.667001654,-0.262134026,-1.175212948,0.771846492,-0.577692815,2.250749814,0.156642979,1.166155456,0.215524305,-0.932437615,0.361153337,0.595607728,-0.097543177,0.60433735,-0.106476433,0.846324622,0.990605398,-1.305688704,-1.224760077
-0.500353492,-0.410830248,0.883556411,-0.164571305,-1.033431355,0.066150184,-2.158675032,2.314562642,-1.429736348,1.157158975,0.34371434,-1.278589363,-0.998545912,-0.208682442,0.130319274,0.912552106,0.988063993,-0.920663576,1.109978459,-0.422406775
-1.380264693,0.223130951,-1.477780751,1.499277097,-0.487454161,0.687209358,0.666071628,-0.754526632,0.141810936,-0.647868255,0.957210044,0.877232911,0.71171726,0.676362999,-0.252921293,1.074972245,-1.190878538,-0.428330569,-1.07085056,0.047169595
-1.474868646,-0.125858315,-0.851559541,1.521910726,-1.003085835,1.022496829,0.285881251,-1.367360039,-0.151295011,-0.772335023,1.251245082,0.333287014,1.235137322,0.58675015,0.151736552,1.325148273,-1.430409105,-0.124535448,-1.167624559,-0.142885085
0.76161925,-1.701448504,-0.351955093,-0.091621399,2.171464899,1.706535051,0.478754275,-0.964150358,0.085648656,-1.340915297,0.271291873,-0.725437968,-1.364933775,0.614818736,1.653392119,0.95844718,-0.444004474,-0.512097428,1.553282564,2.069016747
1.164542156,-1.345199174,-0.734999603,-0.08068806,1.027703073,0.955322704,-0.495044603,-1.012767479,0.594604026,-1.682907388,0.301929321,-1.013909014,-1.060316483,1.278568033,1.164647764,0.596857088,-0.108142529,-0.7783567,1.209091016,1.492908852
-0.086189112,1.718413297,0.927639488,0.553796744,-1.315066889,-1.501949447,-0.497019811,0.783573408,0.518991755,0.551152859,-1.074597957,0.986305441,0.81621074,-1.901992844,-1.882962283,-1.520784276,-0.254348178,1.02818506,0.149149318,0.224520606
-0.613256594,1.548706012,0.664991901,0.418491737,-0.473851757,-1.516577674,-0.724176067,1.255858012,0.338230258,0.396572429,-1.217146696,0.642770382,0.748840518,-2.019747247,-1.486460408,-1.458030451,-0.257050207,1.773607203,0.27941523,1.006790898
-1.289953655,0.104053979,-1.030632074,1.759550195,-0.485340983,0.620252618,0.296443379,-0.561218839,0.250847021,-0.828859771,1.00153148,0.40200022,1.077125316,0.775683014,-0.347161967,1.073351919,-1.143561606,-0.624265681,-0.837291845,0.328586328
-0.514600635,-1.017127551,0.965192349,-0.120259767,0.190649338,0.154445008,0.067363323,1.205516773,-1.983444806,1.205984383,0.929349465,-0.710750156,-1.097183085,1.260234534,0.901412326,0.515642888,1.187194721,-1.667959402,0.029240666,-0.434077669
-0.298924005,0.007427558,1.567338996,-0.573622991,-0.001723788,-0.116041415,-0.878406988,3.681451457,-1.220370063,1.629860582,0.512051201,-0.656690849,-0.933544104,1.114442988,0.906192846,-0.199189716,1.055649593,-1.553600512,-0.206309426,-0.788138867
1.80282164,-0.013980041,-0.183310106,-1.01010694,-0.387938158,-0.110477988,1.633137283,0.070030279,1.22965949,-0.126942326,-1.131163235,0.513845911,0.852535412,-0.472989391,0.139551689,-0.452003047,0.687994895,0.90924373,-0.542820958,-1.8720602
-1.510876317,0.157220351,-1.413379179,1.382392463,-0.477486669,0.263417952,0.020050818,-1.153579422,0.03301456,-0.911197095,1.450485626,0.775544686,1.10891864,0.810721835,-0.087641804,0.75441514,-1.275950576,-0.543304982,-0.909031552,1.304137534
0.478772237,-1.730832878,-0.517975054,-0.011332488,0.840512664,1.481808444,-0.018453066,-1.476944377,0.070719046,-1.463059153,0.165842614,-1.520451947,-1.274278302,1.354746582,0.882906295,0.703544153,-0.572108117,-0.323488532,1.857358016,1.765177969
1.747768369,0.460004131,-0.049460146,-1.739784215,-0.075229653,-0.751408076,1.001453606,-0.45110283,1.039088252,0.193599378,-1.117420844,0.247818658,0.779674832,-0.89722604,-0.051845138,-0.610933619,0.000522602,0.341589283,-0.973480728,-0.50030979
-0.169638317,-0.380060127,0.80259138,-0.76869327,-0.177759526,0.2307231,-0.74440912,1.440635574,-2.391093065,1.215086528,0.632453945,-1.586483151,-0.841151377,-0.060478583,-0.029745064,0.672101518,1.870020458,-1.462373428,0.434357225,-0.74104567
-1.421734433,0.146693865,-1.287123162,1.735494368,-0.508152139,0.92737447,0.161252452,-1.251518428,0.336617414,-1.093780927,1.127796628,0.602921482,1.355081903,1.129694952,0.140797041,1.050558977,-0.811412909,-0.246462938,-0.868834837,0.494512336
0.04489937,-1.585109051,-0.649970989,-0.351422346,0.875439594,1.38842408,0.0461516,-0.555875617,0.691971668,-1.07774502,-0.038941513,-0.883635928,-1.215049167,1.32494397,1.609345574,0.862943663,-0.928452167,-1.344792549,1.83305575,1.119947692
-1.296220279,-0.245978771,-1.302470239,1.561743395,-0.696544047,0.536839084,0.228789536,-0.967749453,0.355196757,-0.736560031,1.169142522,0.666807463,0.990078452,0.602778706,-0.348110923,1.118976737,-1.11556021,-0.329558832,-0.599686829,0.181980304
-1.04826257,-0.023956482,-1.193618423,1.442226699,-0.636188074,0.686486163,0.144771693,-1.348276187,0.147004593,-1.2235609,1.531667071,0.87401596,1.025032127,0.833444517,-0.101670763,0.910432237,-1.32552635,-0.282056101,-1.119786278,0.482115079
1.632234484,0.362656341,-0.694287718,-1.361818327,0.266766038,-0.762172392,1.43745825,-0.237703021,1.207468044,-0.517734119,-1.055620343,0.116461717,0.747097663,-0.855808665,0.743416956,-0.54139459,0.328143709,1.019808992,-1.283508856,-0.980136738
-1.242108925,-0.094802144,-1.146309145,1.437219293,-0.921269307,0.766744953,-0.089879009,-0.914207365,0.303869203,-1.075536667,1.204386835,0.553080387,0.959388713,0.848431266,-0.254489057,1.100320051,-1.409540591,-0.303590795,-0.887930447,0.421598616
-1.354349738,0.177334504,-1.086555992,1.61695793,-0.185061671,0.731943391,0.246294098,-0.874052736,-0.002744876,-0.721567623,1.418581275,0.35095978,0.994254923,0.623722949,-0.209419859,1.22899036,-1.158350158,-0.29429646,-1.346845631,0.264059938
0.486355747,-1.627090869,-0.104682602,-0.032585089,1.901374419,1.040379585,-1.040813937,0.129930644,0.238610575,-1.406605346,0.408456649,-0.86647568,-1.155167592,1.389297595,1.444819589,0.296917446,-0.651804203,-0.318398718,0.449442562,1.169154049
-1.273277889,0.321023758,-1.144053566,1.652941494,-1.753543171,0.913717589,-0.057837104,-1.203072276,-0.02174731,-0.961886276,1.312705067,0.473630563,0.84538626,0.810746602,0.05861959,1.209855187,-1.413246866,-0.534475347,-1.118589981,0.665228293
-0.176340913,-1.182869138,0.384260106,-0.269418014,-0.284807113,-0.080059762,-0.158661106,0.828853782,-2.206711482,0.804276343,0.35135022,-0.403973715,-1.0506772,0.578084334,0.142071714,0.231323428,2.05544226,-1.223850055,0.537284079,-1.06973308
0.749399859,-1.392358862,-0.637831881,-0.782381777,1.453181322,1.239265275,-0.569453381,-1.012352312,0.381908989,-1.409250421,-0.025546803,-0.711720766,-1.212687942,0.957632807,1.500299887,1.890667822,-0.893039502,-0.65536398,1.211837539,0.984930172
0.891250219,-1.618905802,-1.400043742,-0.200459112,1.485595863,0.800396936,-0.659894745,-1.482054554,0.194238981,-1.362386236,0.404600414,-1.954194904,-1.297632946,0.554334069,1.115844339,0.48211294,0.043154574,-1.660731993,1.427072129,1.820455125
-0.486607941,-1.028489688,1.507011169,-0.372348936,-0.024667183,0.632637403,-0.600004233,0.685111652,-1.944200343,1.491167219,0.834557146,-0.780703808,-1.384576356,0.296593071,0.501216372,0.445652137,1.158524348,-0.132977871,-0.581503094,-0.516593255
-0.507947901,-0.798255652,1.022204882,-0.389175218,-0.456596885,0.351021601,-0.492274646,0.287420923,-1.800620217,1.376302617,1.054153965,-1.005212471,-1.42037892,0.667370948,0.919067696,0.565277948,1.67101701,-0.705094938,0.813478049,-0.126612078
-0.308037628,1.540837549,0.978779934,0.462741177,-1.935897997,-1.62598727,-0.99026558,1.054591724,0.265382632,0.711542859,-0.986959908,1.278149367,0.778712055,-1.752622678,-2.203353192,-1.620858219,-0.410349225,2.101065095,0.303039553,0.366189929
-1.277742085,-0.14739004,-1.596200382,1.836509749,-0.781008891,0.67913807,0.138235136,-1.694800534,-0.204786168,-0.778645199,1.283504563,0.752695525,1.023326659,0.812187726,-0.330586707,0.698854925,-1.432581536,-0.714564045,-0.831047323,-0.05330394
0.515048969,-1.361558763,1.68472454,-0.048398277,-0.293345481,0.527024873,-0.179376562,-0.262708693,-0.997926767,0.949907915,0.367071381,-1.212827239,-0.678972243,0.263497233,0.095494516,0.868060545,1.279079412,-1.572085466,0.002100358,0.043471033
-1.08795369,0.158180861,-1.450357321,1.401475411,-0.788389837,1.029119501,-0.005601718,-1.210332373,-0.151774274,-0.922988927,1.257692745,0.624499061,0.89809522,0.855897614,-0.249039288,1.008504023,-1.172255886,-0.514429661,-1.151682308,0.559349946
-1.846752223,0.037098565,-1.296522569,1.60458221,-1.648611673,0.401880199,0.078513563,-0.912053962,0.05090249,-0.895777928,1.268160802,0.543095099,1.097520752,0.83713222,-0.196442106,1.045545444,-0.819882527,-0.112163902,-1.145518765,0.4256259
1.850232988,0.416765467,-0.436509396,-1.478179565,0.063030254,-0.544053053,1.885639092,-0.422863396,1.040241746,-0.122989692,-1.296526769,0.115782704,0.668666856,-0.214803773,0.687462495,-1.177902947,0.525011078,0.421691687,-1.086160745,-1.270752521
-0.312706354,-0.610931724,0.962144325,-0.604574728,0.336326759,0.328349688,-0.929053997,-0.162027327,-2.209435895,1.795562073,0.541814335,-1.167729383,-0.876496351,0.0303564,-0.111752483,0.118541145,2.177560864,0.144409683,0.496014876,-0.399798591
-1.185828577,-0.100806942,-1.344337903,1.599638456,0.010479486,0.570505063,-0.1758814,-0.979317868,0.115752772,-0.523791373,1.054688943,0.589499598,0.942121482,0.99353904,-0.243709204,0.858364092,-1.153113087,-0.289349703,-1.226971134,0.323893304
-0.222752782,-1.044643642,1.233907262,-0.753211331,0.903826814,0.493730205,-0.08861349,1.423677723,-1.810194341,1.149113758,0.776853443,-1.358147974,-1.212639809,0.951374856,0.199236355,0.50823064,1.462118277,-0.508127096,-0.123553888,-2.491515751
-0.132915861,-0.601429664,0.887387768,-0.594980139,-0.852749665,-0.040052024,-0.662806361,0.562592161,-1.98704987,1.124026281,0.674969576,-1.080657214,-1.292558769,0.988001665,0.373878714,-0.285916327,1.741250493,-0.538306338,0.107665691,-2.200168189
1.2599634,0.171066947,-1.011168033,-1.419970644,1.077985206,-0.503493155,1.787121765,-0.275048351,1.527826781,-0.04934293,-0.728321159,0.234787484,0.441550426,-0.776223494,-0.007493719,-0.706085888,0.648688679,0.607196528,-2.116497413,-0.470361907
0.620167332,-1.002369687,0.199118199,-0.202341318,1.733889029,1.139589338,-0.208591435,-0.064207455,-0.493594958,-1.067144271,0.831146572,-1.023929844,-0.754979823,0.662718822,1.161656088,0.760757064,-1.223326833,-1.304999386,1.105649864,1.730955749
-0.506397676,-1.105592242,1.567478278,-0.800736895,-0.770464241,0.534185911,-0.159944551,1.562368437,-2.041783808,1.59852011,0.6381875,-1.241922365,-0.904587817,0.165945773,0.311244898,0.527280111,1.097406035,-0.521365906,0.430478116,-2.35512168
0.503663374,-1.716051229,-0.22410555,-0.797187,1.417234184,0.887403963,-0.475114357,-0.676040664,0.298478465,-0.880967409,0.197923543,-1.078837522,-1.302669307,0.981432155,1.344948417,0.557503346,-0.999756313,-0.584354744,1.378773782,0.797273629
-1.215972661,0.021248077,-1.224140949,1.638943831,-0.319470047,0.95362678,0.124042723,-0.504745667,-0.05234525,-0.694058747,1.17659258,0.486232935,1.205443826,0.611031331,0.069328571,1.073904945,-1.018236781,-0.016246668,-0.910460867,0.564170378
0.895016245,-2.057456603,-0.486193197,-0.425268091,0.789508392,1.939226671,-0.675720893,-0.476050637,0.233417582,-0.951544536,0.095621745,-1.381469018,-0.8882117,1.144679544,0.661217573,0.571781029,-0.219618793,-0.624740076,1.269935663,-0.675930409
-0.610302286,1.640967835,1.097088771,0.432354103,-1.81024973,-1.215378956,-0.734202487,1.225940258,0.610463465,0.401829152,-1.524301781,1.083374976,0.795966081,-1.620321354,-1.766461689,-1.508715951,-0.714662033,1.851080541,0.604951044,0.639056444
-0.831043995,2.135511062,1.145619316,0.521233237,-1.160326355,-1.20006991,-0.799032534,1.471589811,0.224030603,0.65405578,-1.241633845,1.156658908,0.638026364,-1.454294319,-1.543181151,-2.221438461,-0.104865393,1.374046659,0.425569319,-0.042660406
0.192596092,-0.477624172,-0.925597455,-0.675529839,2.270385998,1.490384557,-0.762397276,-0.662823435,0.522668488,-1.201545302,0.902202086,-1.6289122,-0.933463085,1.334517043,1.435864764,0.583180233,-0.576562358,-0.665305102,1.726444346,1.506936573
0.398838864,-1.010605026,-0.884648747,0.011790645,0.508771224,1.382722413,-0.599560167,-0.839947561,0.230444757,-1.536524672,0.367114549,-1.319356897,-0.943328427,0.834305533,1.241017603,0.305142379,-0.621798765,-1.106204739,1.695594742,2.222874301
-0.249876326,1.554327834,0.942381933,0.522826471,-0.41359926,-1.570336227,-0.933688175,1.228834967,0.11700505,0.372949183,-1.173731978,1.133887154,0.821590519,-1.78015331,-1.424003778,-1.822806531,0.021371381,0.747927635,0.645909855,0.317059026
-0.295465967,1.650198176,1.009822769,0.569342127,-0.912925829,-1.004422132,-0.928424357,1.381952302,0.122287401,0.803534631,-1.299451543,1.553569546,0.756955511,-2.037684215,-1.595699944,-1.813802543,-0.1339511,1.078542824,0.339698553,-0.449702629
0.907750035,-1.606115205,-0.407649198,-0.079290541,1.931378553,0.742970642,-0.489902825,-0.626123137,-0.113485926,-1.299280004,0.547191532,-1.25016626,-1.239109416,0.657563282,1.345670176,0.29599206,-0.449101644,-0.647684704,1.893577166,1.35437585
0.505300455,-1.30105834,-0.283400728,-0.093936375,1.388030026,0.9648753,-0.142932148,-0.212723811,0.036192863,-0.706067312,0.204745307,-1.159725991,-1.231397985,1.029847662,0.580944748,0.422130732,-0.788666799,-0.686799243,1.759701478,1.695583911
-0.532074645,-0.005485683,2.009461935,-0.370630116,1.772150469,0.913924021,-0.773297216,-0.625208831,-1.787687812,1.186448396,0.729456748,-1.071398451,-1.260023308,0.698695541,-0.19016624,0.456601887,1.414763413,-0.84178454,0.544706343,-1.758177772
-1.431451795,0.124257908,-1.20804836,1.442401684,0.3155759,0.072630954,-0.214920824,-1.142481737,-0.202215856,-0.82332892,1.322955164,0.632070675,1.00532203,0.608611127,-0.408740737,1.119107231,-1.408244724,-0.705677019,-0.856369898,1.067117086
1.136809279,0.362214972,-0.735627399,-1.044624085,-0.170020829,-0.24480242,1.377660397,0.234476312,1.156768007,-0.293571043,-0.745594827,0.767996977,0.603165655,-0.460189459,0.583674801,-0.407340843,0.377446494,0.567118263,-0.465230082,0.416611365
1.749762314,1.009337043,-0.131589602,-1.344166878,0.127031254,-0.756994012,2.155731979,-0.246799067,1.106939117,-0.377139657,-0.895558208,0.561697305,0.455525845,-0.235723759,0.314455187,-0.45636396,0.498328854,0.863712623,-0.964610047,-0.480624997
-0.298140341,-0.629128753,-0.432863056,-0.326498615,1.508412123,1.338743986,-0.614583737,-0.699637692,0.038620862,-1.226321242,0.196598748,-1.625301481,-1.111776965,1.072917677,1.268675131,0.932652345,-0.30131703,-0.909273796,1.840948677,0.406170836
-0.407370042,-0.477751565,1.037671822,-0.202019859,-0.772300049,1.004974709,-0.405519979,0.39016937,-1.92696351,1.256246488,1.068319279,-1.488438512,-1.441760125,0.25106196,0.265498058,0.184324053,0.82456197,-1.175856672,0.126833521,-1.307619397
-1.433278202,0.14129484,-1.424112666,1.593093333,-0.185269807,0.517702107,0.366004317,-0.42551498,0.040491445,-0.908561382,1.269584733,0.294650405,1.081514323,0.756890079,0.087037879,0.990936836,-1.042311117,-0.605216632,-1.114343728,-0.15577194
1.276968051,0.593437266,-0.196547957,-1.17371261,-0.149114038,-0.947310463,1.858610033,0.006748396,0.716854508,0.046065438,-0.972616859,0.44274671,0.521555537,-1.166251807,0.342990113,0.020517716,0.406307075,0.732040845,-1.103284684,-0.878529062
1.394091752,0.095731385,0.095241898,-1.456914471,0.555590855,-0.895744257,1.566466467,-1.063863374,1.396960182,0.214320063,-1.222228915,0.095189127,0.715330573,-0.852283716,0.816669205,-0.680551166,0.087042027,0.975422078,-1.413729273,-1.46545015
0.95253031,-1.118024162,-0.390776274,-0.918119817,0.482766075,1.528572865,-0.158804366,-0.990207655,0.309967684,-0.720749367,0.244592529,-1.155487694,-1.092321009,1.771529779,0.499626911,0.904651576,-0.457942146,-0.501366931,1.269185963,1.123578432
-0.090736913,1.453654577,0.979169894,0.814718878,-1.345233657,-1.401927089,-1.072165213,0.915039377,0.039387288,0.460151065,-1.168961467,1.021874129,0.802334148,-1.881867785,-1.597317587,-1.435816086,-0.823715412,1.460706914,0.66255926,-0.140984396
0.744179591,-1.331218905,-0.675719795,-0.051700264,0.955091641,1.080189997,-0.330979308,-0.640959127,0.966826151,-1.005977355,0.511881707,-1.282164156,-1.310236125,0.939152563,1.171698209,0.320648065,-0.376762461,-0.66287204,1.604472254,1.577982823
-1.28739183,0.10384236,-1.480981005,1.55861261,0.275365013,0.692889731,-0.083926117,-0.812269648,-0.047370326,-0.727881365,1.238030278,0.917060457,0.815781593,0.938537248,-0.242694334,0.740913481,-1.28301244,-0.451759259,-1.170495635,-0.004317665
1.622094356,0.267641878,-0.466928953,-1.266100529,-0.516825173,-1.006312988,2.240552662,-0.526037402,1.592610679,0.291112672,-1.11497938,0.190798142,0.509251194,-0.6723015,0.453308945,-0.48922332,0.637584801,1.385961247,-0.880503931,-0.756133102
0.712288512,-1.256018373,-0.681898385,-0.069131226,1.300906968,1.455051411,-0.746499056,-1.836714133,0.248163228,-1.345760155,0.48540641,-1.203335317,-1.114769125,0.390154094,1.785784058,0.564636343,-0.129444571,-1.149269784,1.537341303,0.346039969
1.009419419,0.635901406,-0.411904962,-0.994814388,0.427712336,-0.649816586,1.755775103,0.470687739,1.244195236,-0.089610965,-1.188959302,0.363932014,0.358157712,-0.139512188,-0.030277741,-0.489712452,0.725289557,0.948496659,-1.284115139,-0.712433901
0.816853127,0.194512438,-0.168110462,-1.563744537,-0.561334529,-0.335452288,1.95913063,-0.009270062,1.362631142,-0.192032506,-1.06439808,0.658703436,0.314901163,-0.932777736,0.373637789,-0.290433809,0.578667136,1.365175829,-1.723588981,-0.780702102
-0.065320713,-0.310021545,1.28846088,-1.070177353,-0.0476898,-0.119971377,-0.893521824,0.038331402,-1.918116372,1.210241506,0.025255406,-0.825758605,-0.61150142,0.693853926,0.222415439,0.420614748,1.370442032,-0.932653716,0.147530629,-1.634324688
-0.279323673,1.674468283,1.303153715,0.626190142,-1.890976184,-1.749115621,-0.977794355,1.296798214,0.398351486,0.561678628,-1.220430992,1.020426498,0.630433452,-2.109229537,-1.930727448,-1.911205899,-0.658107595,1.650796861,0.289507745,1.249297715
-0.688160825,-0.838096433,0.86146802,-0.442757826,0.640515286,0.243522757,0.120018089,0.164515853,-1.528607067,0.965719197,0.744511452,-0.796678663,-1.32264443,0.726767224,-0.095228878,-0.347024145,1.713979049,0.084188671,-0.211817635,-0.111815024
-1.447821979,0.059291374,-1.477355188,1.519285683,0.103463474,0.548951431,-0.052307918,-0.769635337,0.138774985,-1.19401713,1.250865092,0.707931299,0.995723707,0.862703638,-0.266404182,1.063467299,-1.667617907,-0.09012589,-0.592438294,0.098446803
1.645331258,0.39659935,-0.209348212,-0.959132053,0.764666558,-0.010147308,1.600876439,0.574181653,1.028038635,0.074307247,-0.831864019,0.260833659,0.550532526,-0.223335432,0.357891345,-0.086355939,0.065426778,1.547775227,-0.819287483,-1.01782309
1.591130328,0.315557301,-0.341286237,-0.926217719,-1.375753517,-0.597459598,1.75780337,-0.035948863,1.089915318,0.182192702,-0.759073812,0.578428419,0.775155683,-0.545651746,0.222293746,-0.220112997,0.179974791,1.320841802,-1.213296057,-0.690154985
0.436647488,-0.629247062,1.438558011,-0.117586678,0.497561474,0.229011363,-0.603923721,0.904892515,-1.264251923,1.757624877,0.60479056,-0.86955431,-1.263147918,0.467933138,-0.033112346,0.205588587,2.107813015,-0.805118381,0.319707927,-1.985791622
1.071183515,-1.479034611,-0.309647338,-0.534208077,1.107877548,1.201938775,-0.546918238,-1.033589034,0.18139133,-1.100576424,0.307059123,-1.06297122,-0.892683567,0.641101892,1.383287209,0.245996633,-0.24096758,-0.736318103,0.844538957,1.274933143
-0.426863501,1.621491094,0.692815231,0.388958577,-0.892087894,-1.45041628,-0.910094628,1.091479265,-0.13655345,0.633321282,-0.981435466,1.219753611,0.746765358,-1.618552681,-1.922797945,-1.272098887,-0.34756614,1.813191459,0.398032777,1.080503401
0.035795596,-0.680310408,-0.611138489,-0.031558434,1.419443004,0.773508567,-0.377370636,-0.569567726,0.130455321,-0.83707279,0.501116486,-0.97433948,-1.207505665,0.64619731,0.875410805,0.790482909,-0.196511334,-1.871474859,1.348489966,1.384797537
1.698106287,0.650571095,-0.090112308,-1.151054447,0.205209569,-0.859134689,1.653376396,-0.741347684,1.392111526,0.058588913,-1.13124163,0.354881869,0.388086343,-0.386292015,0.311944889,-0.626930071,0.316634287,1.030494621,-1.156663798,-1.05501657
-1.383710414,0.18582799,-1.36802011,1.221331085,-0.360428824,0.734269685,0.412957212,-0.927995658,-0.080057635,-0.615819965,1.290483645,0.518320968,1.098089173,0.798156984,-0.134501978,0.941395489,-1.46308159,-0.490421808,-1.010787927,0.300440364
0.593632929,-0.631075265,1.040731572,0.700142782,0.147672318,0.704085806,-0.307811551,1.243109703,-1.482703319,1.082614948,0.724394428,-1.588687786,-1.278934987,0.066226835,0.332999737,0.489597473,1.67088984,-0.835900569,-0.041350011,-1.028051846
1.412768631,1.028201319,-0.69961001,-1.33766363,-0.054557754,-0.434283028,2.258334017,-0.457489948,1.478459966,0.431167252,-0.949655662,0.624760393,0.487061632,-0.38127514,0.363309698,-0.289416803,0.964780084,0.793604373,-0.707618963,-0.294201337
-0.62261501,1.489267909,1.059994926,0.236340133,-1.090318513,-1.231603727,-1.278875955,1.264164455,0.292652816,0.722909468,-1.48125297,0.989134218,0.888892676,-1.631161323,-1.595347053,-1.56273261,-0.645980695,1.488045698,0.598204497,0.014656369
0.794003915,-1.078568599,-0.201688907,-0.284841293,2.252422649,1.225124495,-0.392116011,-1.08116087,0.413408147,-1.279021787,0.570884037,-1.482836076,-1.266651039,1.065261414,1.146632577,0.45557224,-0.176417048,-1.116450735,1.290625679,2.041320303
-1.380209847,0.032929198,-1.640468596,1.775062702,-0.322934316,0.774890829,0.174737823,-1.275093947,0.027887924,-0.926072706,1.138899057,0.778307952,1.177623856,0.908423567,-0.088799196,0.974401287,-1.544557566,-0.056933412,-0.617956648,1.040387867
-1.42989146,0.136750726,-1.430945985,1.377810106,0.651805481,0.491736519,0.29383313,-1.409899025,-0.037406473,-0.794529583,1.329998461,0.30706859,1.043048977,0.502429933,-0.124505219,0.893644677,-1.373003136,-0.505919653,-1.199385766,0.458180933
0.122602707,-0.380771317,0.050242069,-0.27812197,1.362094244,0.928285391,-0.174977164,-1.481094929,-0.499440996,-1.521430953,0.361956417,-1.460290656,-1.095175918,0.654984833,0.846735633,0.916916653,-0.147399521,-0.834166835,1.809282837,1.603575798
-1.445172386,0.153103256,-1.334875614,1.388127723,0.083039518,0.236698424,0.024589194,-0.936541462,0.078573814,-0.721895102,1.373085545,0.660017691,0.936147614,0.650269052,-0.271629637,1.167512372,-1.357322081,-0.055102171,-0.964443579,0.384653049
-0.63186227,1.679516543,0.803066358,0.555383639,-0.95078399,-1.733098565,-0.501445344,1.838708653,0.092025728,0.562828015,-1.254843936,1.211547198,0.85064659,-1.259891219,-1.710130081,-1.757665663,-0.735314302,1.163973699,0.463057633,1.1271645
-0.102952199,1.384781469,0.893814533,0.305250288,-1.037441225,-1.208093394,-1.112233406,0.233927036,0.140140881,0.750774993,-1.16341357,1.341158581,0.713762094,-1.858382551,-1.624607095,-1.810497591,0.111779803,1.58868796,0.217428729,-0.159184496
0.127013548,-1.238886015,-0.055182371,-0.946988167,-0.348275317,1.357103139,-0.53274336,-1.031930841,0.564542763,-1.299138332,-0.106052573,-0.669058514,-1.376357201,0.604694183,1.528845798,0.541547839,-0.318428967,-0.735199963,1.864938468,0.910539486
-0.941169311,-0.02655834,-1.29604064,1.334294216,0.382397145,0.63391916,0.010536208,-0.948625931,-0.070480215,-0.85274577,1.183490359,0.44660888,0.973016536,1.059882885,-0.12065625,1.237931611,-1.109254521,0.327393036,-1.253839827,0.262581701
0.910552865,-1.262545677,-0.60892711,-0.118833944,0.15859777,1.141835632,-0.180672638,-0.711567851,-0.373515124,-1.317681621,0.023666527,-1.090401988,-0.963705644,1.335884545,0.971018489,0.453191986,0.079776028,-0.781809748,1.873298041,1.32406161
1.562129716,0.423574706,-0.318090047,-1.382991512,0.521880832,-0.88762433,1.645871223,-0.411537846,1.755122978,0.215031236,-0.798029984,0.722868981,0.715400649,-0.390497734,0.137571422,-0.657112619,0.413998592,0.577944994,-1.493054331,-0.868269081
1.710237573,0.525971585,-0.679422212,-1.34097863,1.121295294,-0.818290326,0.891646947,-0.070032943,1.267046798,-0.404858957,-1.314870014,0.672783673,0.491069935,-0.723808464,0.478611289,-0.714881938,0.650112693,0.712235475,-1.468996624,-1.191055861
1.962146321,0.300875929,-0.622303605,-1.009185213,-0.752248797,-0.977778747,1.819353565,-0.960297543,1.567124195,0.15617507,-1.064207312,0.780276407,0.854538328,-0.559462211,0.425422615,0.150890602,0.681361078,0.978832031,-0.770334126,-0.734872205
-1.550185104,-0.224054154,-1.243935154,1.337524654,-0.041338965,0.874185417,-0.218141287,-0.448104357,0.108925635,-0.726406584,1.071717563,0.685234134,1.162787344,0.714084701,0.179591177,1.049442072,-1.082641868,-0.287999084,-0.904528723,-0.099697775
-0.479826055,1.439559199,0.971630359,0.316591566,-0.663049622,-0.975152395,-0.726886236,1.111909851,0.488404982,0.575363452,-1.594277731,1.03770513,0.487725406,-1.787643679,-1.655223809,-1.198213645,-0.308523011,1.275783321,0.730329525,-0.557807799
1.216008954,0.601640421,-0.191744409,-1.729354931,-0.00713532,-0.57856008,1.696446092,-0.951019552,1.342404076,0.464268047,-1.113863905,0.786784944,0.458049671,-0.432583063,0.612066266,-0.503973834,0.457306439,1.175703197,-0.58179867,-0.775777493
-1.026920208,-0.699488166,1.112679645,-0.374980838,0.968622373,-0.12147269,-0.251724674,1.768104213,-1.871558606,1.5699216,0.635757077,-0.79763032,-1.715936806,-0.23097969,0.087017518,0.00487986,1.25747939,-1.135566142,0.591190108,-1.319721108
-0.205964057,1.589114009,1.198508471,0.635080139,-1.340502077,-1.736674628,-0.885467707,1.034287406,0.075148615,0.720496693,-0.905135193,1.328592541,0.561239833,-1.633289715,-1.361969725,-1.808454143,-0.353149623,1.37360222,0.328657117,0.462027771
0.299520262,-1.318371256,-1.015899154,0.19549365,0.342269528,1.252062895,-0.063809691,-0.771636659,0.123761896,-1.591288978,0.060247446,-1.203048739,-1.346590097,0.924967226,1.447452125,0.962492467,-0.802103909,0.220408529,1.710169281,1.211146506
0.406813756,-1.431094702,-0.022719122,-0.486006424,0.623830486,1.215064937,-0.128112415,-0.916950208,0.534376692,-1.105001445,-0.215831728,-1.321283115,-1.21514288,1.194034312,0.350568339,1.481210709,-0.277083917,-0.793790372,1.890116375,2.506047992
0.13402994,-0.303577209,1.626259475,-0.337053307,-0.66951515,0.087726446,-0.235893538,1.521125131,-1.509939169,1.217671496,0.887971393,-0.754930695,-1.124759202,0.078595325,0.112881933,0.71291836,0.85322828,-1.995754836,0.721952822,-0.498051444
-1.47844988,-0.106080693,-1.323108442,1.842647548,-0.064772028,0.673256059,-0.00539789,-0.784802315,-0.071569427,-0.801104702,1.377265435,0.694811067,1.09761664,0.779539075,-0.458182748,1.186399163,-1.365774754,-0.654989092,-1.20249131,0.518440626
-0.044825538,-0.019666188,1.164813795,-0.723390937,-0.199575819,-0.810854957,-0.605673341,1.367786458,-1.68486286,1.33467812,0.940154223,-0.882447874,-1.688046653,0.447570678,1.209355451,-0.1373735,1.456895835,0.181780086,0.645518237,-1.246516
1.722682428,0.162859608,-0.378974721,-1.57731419,0.330260677,-0.746949033,1.797971815,-0.330641059,1.819856697,-0.138543121,-1.238916236,0.542580136,0.482071104,-0.754652946,0.933699634,-0.604622597,0.31254845,0.843836919,-0.499761096,-1.808904749
-0.165057485,1.583674257,0.718453295,0.408435098,-1.383472746,-1.486931152,-0.785589208,0.681301438,0.540149445,0.797604932,-1.069583795,1.150905645,0.748431421,-2.052967262,-1.720452791,-1.469714566,-0.015759727,1.10278285,0.419079338,0.31627171
1.665569196,0.075194411,-0.150482299,-1.378617546,1.890438214,-1.299726201,2.245511149,-0.373281655,0.825287843,-0.015001379,-0.985321399,0.636516808,0.846889998,-0.078815491,0.203334626,-0.212081817,0.585237872,0.61200978,-1.164018611,-1.31407181
-1.476151235,0.087299726,-1.32044051,1.589751974,0.192962001,0.444014096,0.15771558,-0.954830449,-0.077299791,-0.669610417,1.366993927,0.516957754,0.9530134,0.872157224,-0.24505847,1.105316829,-1.231078672,0.329264374,-1.313417498,0.382573872
-0.059906483,-1.490545865,-1.054207159,-0.394257804,1.369672958,1.280767821,-0.378682223,-1.487857123,0.084864854,-1.573373025,0.661424091,-1.26302293,-1.213141793,1.545121923,0.797076351,0.310918118,-0.666090612,-0.817443124,1.477580057,1.745613266
-0.423256284,1.307422671,0.926461551,0.418496397,-2.064502514,-1.693025637,-1.028664446,1.964125071,0.290210034,0.422868139,-1.216970824,0.922156156,0.927007194,-1.850018035,-1.763645171,-1.305227562,-0.631498093,0.912248629,0.318922175,0.658898555
-0.41811142,1.716484795,0.736144198,0.091056415,-0.377242389,-1.069438008,-1.209634811,1.492261985,0.113002776,0.611141608,-1.152124191,1.222234326,0.597889859,-1.825796105,-1.902807349,-1.794207181,-0.338984244,1.287887997,0.67838139,0.851969813
1.380013784,0.302171594,-0.429452331,-1.305646926,0.850575991,-0.674492597,1.598946798,1.071827873,1.229138488,-0.106248626,-0.733761424,0.33155329,0.885762431,-0.700017379,0.850365698,-0.376939334,0.822164528,1.61135646,-1.389237726,-0.338934108
-0.403188441,1.340366286,0.881550779,0.587796656,-0.81008703,-1.641176496,-0.710989316,1.66459462,0.280413745,0.951484233,-1.374298749,1.002378456,0.498253306,-1.460536486,-1.52926344,-1.629301948,-0.303842884,0.955780055,0.97117026,0.342786143
-0.074440862,-1.045614725,-1.104890956,-0.414918831,1.894376611,1.229334004,0.404961425,-0.445853111,-0.027238074,-1.180022878,0.252306747,-1.653097889,-1.220228991,0.729605718,0.525846606,0.768348279,-0.428033729,-1.610680016,1.578169211,1.565179645
-0.195803069,1.59022108,0.897662007,0.155260115,-1.157562828,-1.556108679,-1.431673607,1.637627203,0.371492628,0.569346008,-1.181484742,1.401263045,0.823337663,-1.52221768,-1.749614017,-1.296182863,-0.264131707,1.463482854,0.170824831,0.404745194
-0.332865659,1.64332445,0.96352679,0.821551635,-1.129353929,-1.496047807,-0.880844177,1.213654692,0.279999076,0.513955212,-1.444393988,1.112334116,0.572787739,-1.354294106,-1.933486551,-1.909308223,-0.51845431,1.635190882,0.408699257,0.729014608
1.612185975,0.438165791,-0.472088628,-0.741641347,0.700099464,-0.528368942,1.740425957,-0.124017801,1.184458882,0.042242087,-1.036818601,0.413412038,0.60276588,-0.477904869,1.249623135,-0.708680793,0.247960168,1.161678868,-1.219016928,-1.081215763
-0.503289959,-1.194271836,1.19913408,-0.168034038,0.080965535,1.226946013,-0.345981285,1.568312129,-1.677993175,1.793500518,1.395210216,-0.836837024,-1.511918432,0.228908909,0.332651375,0.560711844,1.858210114,-0.704159446,0.225448117,-1.236026628
0.729961992,-1.682217646,-1.119392571,-0.005003789,1.543003282,1.218354193,-0.797743013,-1.38313805,0.095956322,-1.562331598,0.08388871,-0.925351096,-0.842089603,0.907443509,1.452223869,0.01728264,-0.169064032,-1.229522803,1.540918528,1.066453061
1.616969478,0.540099707,-0.147736264,-1.252361186,-0.101797394,-0.899138482,1.700656454,-0.560296464,1.321317271,-0.013357011,-1.205172553,0.619874972,0.473690657,-0.732269102,0.312565016,-0.338345056,0.508956678,0.825117155,-0.747683896,-0.370299195
-1.310017788,-0.119917014,-1.122952374,1.618186603,-1.010758051,0.711330526,0.040497502,-0.815791179,0.098492634,-0.758428305,1.474872148,0.61289513,1.108591894,0.852232653,-0.244689674,1.202394774,-1.311296427,-0.309624321,-1.203988621,0.538957378
-0.024158747,-0.330880829,0.025358364,-0.405503218,-2.79209954,0.135850546,-0.475441238,-0.785314313,-0.980519641,1.474279629,0.441103179,-0.613352452,-1.688706154,0.012792148,-0.557436295,1.142998444,1.667298557,-0.523985668,0.31307506,-0.630393334
-0.650453892,1.485942816,1.123563535,0.593488522,-0.496317706,-1.242341503,-1.263964669,1.08531288,0.029779403,0.887638274,-1.403565146,1.42603133,0.846957057,-1.344980012,-1.700841926,-1.497772698,0.075785481,1.196156505,0.095625987,-0.342961539
-1.118264731,0.04249533,-1.396271211,1.659547984,-0.457453145,1.037570172,0.033330878,-0.947873902,-0.442306958,-0.806371411,1.276471768,0.461511581,0.948476373,0.905165298,-0.477676275,1.286909684,-1.423117909,-0.425113457,-1.176182571,0.627692355
-1.259462186,0.222755108,-1.539280193,1.419565371,-0.449892574,0.619389931,0.090364202,-0.823946818,0.211022011,-0.664005258,1.08012727,0.514511651,1.186177075,0.892026441,-0.164758313,1.103481358,-1.227486463,-0.291672291,-0.979405208,0.522065205
-1.092604668,0.060727561,-1.157690681,1.462060396,0.224133933,0.804796536,0.083991622,-0.987224894,-0.179298499,-0.805810752,1.300445834,0.618476321,1.167897559,0.509558569,-0.25957115,1.286775392,-1.090513976,-0.380376753,-1.014914631,0.669866733
0.504789445,-1.413031062,-0.649311589,-0.764662781,2.684213886,1.276902644,-0.450589802,-1.340837951,1.210860521,-1.474949361,0.167466532,-0.962396741,-0.946005966,1.260436768,1.812787463,0.82900894,-0.801251229,-0.934985019,1.608404323,2.25919021
-0.686218863,1.3094824,0.963710879,0.767137367,-0.139044849,-1.547312934,-0.679497705,1.143350507,0.315264521,0.845173863,-1.147758217,0.898240804,0.976790177,-1.386291989,-1.874985882,-1.530125753,-0.186108444,1.286081895,0.400147532,0.097976673
1.674145475,0.563231763,-0.113370873,-1.348436648,0.051996076,-1.02463604,1.300523694,0.704258959,1.595769189,-0.320048472,-1.018303477,0.438072987,0.549443229,-0.569010052,0.655055169,-0.356789285,0.486600001,0.748817744,-1.07884522,-0.628770831
0.382241366,-0.947425202,1.533614471,0.170841271,-0.808601905,-0.053038487,0.179361823,0.218884356,-2.30267775,1.765481145,1.048167413,-0.907657229,-1.25049225,0.334756193,0.222729938,1.006954106,1.652834068,0.1632176,-0.129872456,-0.963297918
-1.112412146,-0.33733169,-1.096909665,1.42138419,-0.546382891,0.387837564,0.134202637,-0.920195894,0.095771472,-0.560160919,1.223149305,0.558954923,0.945293045,0.816374506,0.0498218,1.071560383,-1.119507,-0.225638329,-0.786605375,-0.144958667
1.09016443,1.042028073,0.061472278,-0.809290882,0.122117834,-0.500867506,1.664220058,0.206551884,0.776427736,-0.554739608,-1.223221146,0.062528119,0.804151413,-0.016650533,0.04210371,-0.169267299,0.828757766,0.269767079,-1.295322375,-1.272007956
-0.625616874,1.875470743,1.124619631,0.743733917,-0.675601259,-1.811547819,-1.049259572,1.498703128,0.01982902,0.774576119,-1.272262988,1.21423572,0.930902404,-1.607084304,-1.802952949,-1.382956978,-0.461346459,1.411765488,0.587953653,-0.03566349
1.383491663,0.371878592,-0.873279611,-1.527730287,0.859579667,-0.194619181,2.006750066,-0.822235408,1.575605039,0.127997235,-1.019994436,0.024141253,0.802212717,-0.650172046,0.527887579,-0.426643731,0.880393184,0.652587738,-1.065864909,-0.153639487
0.149810329,-0.858329853,-0.419750198,-0.916354746,1.811810943,1.098806082,-0.515839343,-0.899056293,0.252248095,-0.992105705,0.544763069,-1.057045261,-1.458325134,0.746154879,2.148277373,1.024706678,0.35911258,-0.201686392,1.54979238,1.338622198
-0.106491198,1.610966168,0.92708727,0.565939662,-1.302823912,-1.254264394,-0.527679925,1.658979667,-0.005917295,0.684018165,-1.531216046,1.261005352,0.837158458,-2.149806278,-1.953170798,-1.655465175,-0.495100952,1.038040651,0.580485654,0.372732471
-0.033830299,1.380973332,1.126130018,0.561501251,-1.047522793,-1.024923284,-0.713042103,1.252633749,-0.135827282,0.50847784,-1.256944579,1.30544956,0.632772735,-1.149973408,-1.400008861,-1.499345863,-0.364816102,1.332095319,0.297219417,0.276720674
-0.421892803,1.616110353,0.708964593,0.353079757,-2.01755376,-1.739314804,-1.205453124,1.332687113,0.034179964,0.720682792,-1.228218095,0.891480203,0.841033378,-1.466011078,-1.94604559,-1.529462774,-0.544200052,1.449165972,0.215432882,-0.526137412
0.01227217,-0.712479244,1.349004331,-0.87903915,1.132709305,-0.10978117,-0.331304508,-0.161823125,-1.665131142,1.435930861,0.815448418,-1.087582794,-1.133600874,0.106897539,0.236772639,0.436546219,1.633890727,-0.905090772,-0.307252478,-2.017908353
1.416359814,0.265847825,-0.235751678,-1.661202224,-0.086305609,-1.496068238,1.492940953,-0.643270482,1.465397371,0.046394166,-1.02333379,0.581781708,0.738605837,-0.55046599,0.12806598,-0.59345873,0.439446913,0.404029518,-1.030301855,-0.86904604
-1.462103534,0.286167221,-1.273077053,1.542239524,-0.498484481,0.536958666,0.270482312,-1.130966039,-0.123358138,-0.643431842,1.033962743,0.398389745,1.025682128,0.815139826,-0.20825874,0.917800178,-0.78524425,-0.42538967,-1.111649871,0.265435205
-0.618526614,1.388064902,0.983900202,0.508522236,-1.257032287,-1.314304436,-0.748980205,1.609193454,0.212250077,0.590724167,-1.190551132,1.510679863,0.764511893,-1.796538099,-1.430276506,-1.691343368,-0.903716876,1.673198822,0.391797372,0.466477696
1.641830434,0.723085366,0.017994535,-1.816839065,0.157003028,-0.883328603,1.674981619,0.315079052,0.811714993,-0.406795852,-0.910323236,0.650614558,0.635301404,-0.729168741,0.641128542,-0.292302108,0.558093505,0.333731537,-1.231584704,-0.737743474
1.117407451,0.146000582,-0.533942836,-1.147538434,0.166897488,-0.775948387,1.867964426,0.071969542,1.491726047,0.209958303,-0.658208378,0.484477069,0.53391059,-0.354926162,0.224577274,-0.659194273,0.820181793,0.879705281,-1.453266633,-1.638977324
0.367300236,-0.859169182,0.618682736,-0.14011495,0.044617898,-0.186317524,-0.910099097,0.900378582,-1.550280112,0.651447627,0.976684208,-1.208508164,-1.589023429,0.861873286,0.301870945,0.811647153,1.694317197,-0.919614809,0.08033928,-0.603232953
-0.37564407,1.320635103,1.227856295,0.871117377,-0.883584089,-1.613782592,-1.317825837,1.19327052,0.334854859,0.66709741,-1.214642999,1.099420043,0.641088482,-1.549627666,-1.436628666,-1.996254377,-0.058692735,1.510328082,0.761719101,-0.460824755
-0.691352654,-0.886890846,1.046296187,-0.652185993,-1.383081734,0.275900822,-0.804685613,1.328266306,-2.26386425,1.250689088,1.300755158,-1.368253854,-1.265571248,-0.072348589,-0.332324332,1.000180183,1.653557292,-0.88006724,-0.51959912,-0.606664243
-0.369291824,-0.57913558,1.255347727,-0.676154469,-0.157479322,0.431978685,-0.486759531,-0.121710406,-2.22900865,1.712763792,0.569753553,-1.000240023,-1.531779583,-0.047799543,-0.095912507,0.304289434,1.306370882,-0.196285287,0.266586412,0.333624698
-1.050730267,0.156198984,-1.399680571,1.447635515,0.789217851,0.836366384,0.04582957,-1.135398871,0.027983626,-0.820508361,1.081007912,0.557621195,1.305735455,0.886542904,-0.670562549,1.186243665,-1.029713054,-0.416060599,-0.948887747,0.16434369
-1.051755485,0.0610697,-1.272676168,1.566171264,-0.069515725,0.715526753,0.20140394,-0.874461972,0.096250842,-0.802323765,1.182553553,0.53703873,0.719362288,1.109094246,-0.082906715,0.955449417,-1.286581767,-0.499426745,-0.72307066,-0.037746015
1.315331218,0.410151676,-0.174803272,-1.799742082,-0.096720259,-0.269491406,1.67367837,0.5297013,1.562927102,-0.112182142,-1.130631159,0.395874251,1.04207437,0.03599119,0.599944259,-0.760293329,0.488758752,1.087503961,-1.433402915,-1.021354812
0.098845209,1.63547894,0.6952214,0.618126812,-1.654476117,-1.29304876,-0.632455876,0.792990324,0.417799414,0.704339742,-1.092322354,1.596865204,0.707232486,-1.830412926,-1.838216867,-1.780436026,-0.434608144,1.369300277,0.571153384,0.388728487
0.502311472,-1.61023049,-0.743235564,-0.530701908,1.179708569,1.362592715,-0.106793747,-0.911947991,0.230107054,-1.17485746,0.110082373,-1.432423165,-1.489922016,0.648555584,1.326015393,0.432940522,-0.444895318,-0.58945862,1.663908197,0.555364675
-0.025733715,-1.024168263,1.183178201,-0.608657386,-0.841238085,0.376747332,-0.832705844,0.564484684,-2.264690947,1.672637781,0.834619825,-0.868957546,-0.911425956,0.093531225,0.164422989,-0.299343566,2.784197586,-0.985705328,0.683992702,-1.789680874
-0.599069411,-0.485658031,1.332752352,0.114160906,0.24174013,-0.275280495,-1.43024349,0.98497143,-1.974150807,1.101573765,0.326242929,-1.025162294,-0.806069605,0.385771268,0.317308495,0.272958832,0.913250092,-0.498394363,-0.356583522,-1.019945357
-0.273088887,-0.921421126,1.314254719,-0.397704944,-1.301320176,0.29448101,-1.159813209,0.966492964,-1.271004064,1.369114459,0.293911591,-1.180787747,-1.477772507,0.731201083,-0.000662981,1.040123858,2.073506083,-0.953386013,0.458984853,-1.255562445
-0.64710941,-0.716708395,0.905631819,-0.388950758,0.22325499,0.983014627,-1.125051625,1.136182518,-1.068707368,1.657094335,0.891453432,-0.936458201,-0.909679118,0.032284538,-0.365773228,0.406299384,0.663313556,-0.242470567,0.716105781,-1.170128039
-0.532419755,-0.867103904,1.218117488,-0.184835336,0.502111931,0.644599816,-0.376794948,-0.488083329,-1.718210264,2.069842172,0.782051093,-0.974531449,-1.118678064,0.625594697,-0.698658686,0.216139758,1.580252971,-0.185496201,0.278248191,-2.10626167
0.219031926,-0.948482351,1.538425943,-0.080417815,-0.686024961,-0.145440694,0.019767359,0.239177396,-1.684324714,1.164815236,0.673594749,-1.085862982,-1.468047658,0.111086514,0.313995177,0.04443173,1.230090215,-1.625973792,0.211105983,-0.400741249
-0.224881228,1.508074166,0.760148681,0.609346135,-0.206889121,-1.538593599,-0.808255329,0.695963225,-0.064689366,0.655621258,-1.017016974,1.227701023,0.727660627,-1.615702258,-1.950925867,-1.48195673,-0.04934916,1.115618393,0.439451414,0.441867962
1.926724574,0.054693839,-0.137038633,-1.658894848,0.76178643,-0.794444133,1.631744957,-0.475957719,0.811901391,-0.01299748,-1.110521752,0.663943044,0.684706103,0.021988965,0.479301541,-0.299016817,0.877163145,0.671199798,-1.566910711,-0.788073547
-1.343911274,0.048921286,-1.046343619,1.692792963,-0.768890868,0.731914238,0.164481055,-0.816753274,-0.125719611,-0.363433854,1.105596969,0.538031821,1.105782613,1.094876195,-0.333661998,0.988430292,-1.083830894,-0.469525693,-1.063589213,0.515606542
0.162523136,-0.990512493,-0.669082064,-0.106394894,0.616860741,1.885896534,-0.642594962,-0.863677234,0.421870801,-1.385186938,0.521556653,-1.582454475,-0.75098591,0.867649061,1.011254436,0.530303758,-0.164952705,-1.046576197,1.238522726,1.043272491
-1.494674448,0.074666269,-1.080820338,1.665502246,0.11912507,0.532998318,-0.193379401,-0.813413675,0.105353967,-0.827444957,1.213062868,0.767109846,0.947247986,0.629500195,-0.329708706,1.137885346,-1.5055313,-0.59449386,-1.06447504,0.382610171
-1.785491147,0.229791383,-1.178958239,1.651663489,0.58165519,0.546093376,0.550131962,-1.155878597,0.061718906,-1.00494542,1.287481776,0.667676784,1.012009649,0.829591886,-0.190573254,0.951408419,-1.425152891,-0.058311443,-1.200987666,0.77014663
0.111885209,-0.99618069,-0.712795226,-0.266163788,1.05317961,0.724553194,-0.353967946,-0.633407918,-0.215668701,-0.992494603,0.122239957,-1.3346779,-1.005121495,0.688991099,1.146912361,0.622128584,-0.30315989,-1.997213888,0.779330423,1.625647869
0.691725114,-0.907661101,-0.168724951,-0.271592369,1.222847937,1.078834567,0.157725556,-1.413031685,-0.175829882,-1.083641518,0.103146995,-1.438939102,-1.405187056,0.857902062,1.17004959,0.753290823,-0.157646679,-0.549322278,1.47609731,0.800537559
0.700339839,-1.32396533,-0.519661934,-0.062356047,0.59646365,1.007666479,-0.189651714,0.108774361,0.139607457,-1.020894714,0.246085964,-0.666991399,-1.381917301,1.026700163,0.687545883,-0.250823905,-0.319661081,-0.754330206,1.287657757,1.315758805
-0.983319497,-0.388541355,1.224642364,-0.445334655,0.051668369,0.675913252,-0.616571071,2.486258534,-1.573664065,1.733812935,0.946526062,-1.079885971,-1.433858826,0.600008846,0.362225102,0.033696902,1.583928263,-0.157449465,1.121304062,-0.320703832
0.84878079,-0.288712482,-0.343660265,-0.688844796,0.830420162,1.097711461,-1.02660222,-1.088589919,0.504544597,-1.565666189,0.553421755,-1.02001687,-1.294791854,0.965478876,1.655618769,0.865948884,-0.253575277,-0.892494548,1.522385372,1.04842276
-1.381281064,-0.10788902,-1.717256396,1.578049759,-0.257332662,0.532939001,-0.157992235,-0.699804688,-0.063320911,-0.717269376,1.471884906,0.293096674,0.934251828,0.732502247,0.110494838,0.74237251,-0.817445205,-0.307268822,-1.05469861,0.243362996
-0.102900496,-1.059960375,0.834403929,-0.609198384,0.29960902,0.693796792,-0.352295179,1.245112927,-1.522257791,1.482215393,0.822804205,-1.833745803,-1.189183616,0.074740523,0.500668595,0.370330156,1.458065027,-1.822474247,0.615792498,-0.438023648
0.115718133,-0.716137423,0.677191696,-0.471442282,-0.24315131,0.473119975,-1.539227802,0.904482155,-1.446417612,1.219711844,0.720659372,-1.255767915,-1.484449663,0.358402444,-0.07592809,0.723729528,1.086408822,-1.313439976,0.920568306,-0.272555506
0.059760041,-1.328473978,-0.342229349,-0.193155966,-0.168395971,1.199946832,-0.892567155,-0.528193076,0.357467359,-1.447596125,0.157183743,-1.336462114,-1.621522698,1.056918176,1.044126486,1.085396455,-0.795849821,-1.080990601,0.978981679,0.710577786
0.136175799,-0.872313047,-0.342654256,-0.425594695,1.207607739,1.136458717,0.006030079,-1.463191529,-0.198866842,-0.946739429,0.137738448,-0.833275985,-0.798958536,0.760741563,1.366357243,0.2597399,-0.143230324,-0.738809562,1.533489339,0.868741393
0.363331322,-1.468781966,-0.138024862,-0.24844505,2.949770405,0.581847709,-0.452170926,-0.96132712,0.494503298,-1.032367651,0.380574868,-1.477074063,-1.330742608,1.056892001,0.706430098,0.401368162,-0.218873052,-1.224953218,1.988069641,2.042518214
-0.308937815,1.672509318,0.89653434,0.683852712,-1.420320886,-1.050706584,-0.392165863,0.995528605,0.168628051,0.868042957,-1.034220678,1.114590414,0.746715993,-1.740181567,-1.931173624,-1.861615386,-0.568532001,1.286353932,0.425621821,0.204421308
-0.048797907,1.783249295,0.995211055,0.77974811,-0.946487225,-1.291542711,-0.944628204,1.683844653,0.509283722,0.527734695,-1.464605454,1.208070099,0.61014846,-1.760320895,-1.419274119,-1.746997133,-0.445965868,1.500690975,0.797962224,-0.70331329
-1.192340194,-0.110638939,-1.375916258,1.88175851,-0.114595526,0.898340191,0.199862709,-0.615782995,0.400167933,-0.850001891,1.304175464,0.397733735,0.936382058,0.586261458,-0.005238882,0.696008972,-1.245274045,-1.151083354,-1.153469201,0.463159099
-0.373304801,1.317615899,0.484242574,0.58820653,0.052382306,-1.269405119,-0.901212499,1.110280308,0.184591638,0.730183746,-1.491117672,1.376786628,0.889364978,-1.635518717,-1.528817962,-1.725901267,-0.328310407,1.48590157,0.414210061,0.132160769
-1.227091985,-0.139926061,-1.193501234,1.524193542,-0.514469237,0.737598184,0.235518926,-0.575914156,0.142490004,-0.747398657,1.09596964,1.044234278,0.788713594,0.910726232,-0.136150256,0.893357359,-1.240718112,-0.306133716,-0.789706997,0.306829826
-0.344982297,-1.236070038,0.012996188,-0.427331351,1.193670881,1.141912098,-0.45703454,-1.108756339,-0.018299209,-1.355382801,0.620272954,-1.024473688,-1.00855656,1.125332711,1.044544064,0.344095195,-0.500620941,-0.774244682,1.241911312,0.873438016
0.181204163,-0.992701886,1.580914501,-0.30795558,-1.533207526,-0.220384912,-0.63595921,1.4780854,-1.519155037,1.028762641,0.678513317,-0.38729207,-1.153882839,0.287431726,0.393728366,0.618995326,1.314631823,-0.704060786,0.073655618,-0.30122103
-1.641041904,-0.180820093,-1.423042659,1.551226869,-0.292184865,0.651321978,0.391778381,-0.926446617,-0.087998119,-0.821629462,1.471382013,0.710417111,0.945385202,0.549513756,-0.22980981,1.12899067,-1.212274273,-0.801155622,-1.157384,1.044782557
0.524216996,-0.501937992,1.680452005,-0.580961432,0.98015587,0.036185861,-0.517860098,1.847255058,-2.072751969,1.45859658,0.80640724,-0.963766583,-1.440541683,1.23732299,-0.250540457,1.013567766,2.090232541,0.159734653,-0.476691569,-1.496256528
-0.5282738,-0.652479049,1.055818959,-0.225660057,1.33324145,0.692614446,-0.461828483,0.551356289,-1.404761235,0.860244113,0.587988652,-0.899825241,-1.048866295,0.654879386,0.257196035,0.307546977,1.799603471,-1.461076152,-0.09093073,-0.901209025
-0.458048094,1.294223383,0.967503365,0.420002127,0.056663824,-1.214924262,-0.845907188,1.548002542,0.433282586,0.511086796,-1.369178812,1.257836943,0.897700911,-1.672108903,-2.022024206,-1.744460509,-0.376507611,1.3261753,0.92913985,-0.289915068
0.783531123,-1.507323154,-0.763883911,-0.317459221,2.083507727,1.33615781,-0.338794058,-0.902023211,0.214949194,-1.207466394,0.07290113,-1.171728695,-1.290809033,0.899858763,0.991683653,1.498345862,-0.470927621,-1.386562369,1.426126722,1.370009224
-0.155133746,-0.287539546,1.187794679,-0.94555139,0.839467703,1.001925186,-0.195071785,0.829161017,-1.321516635,2.43988969,0.783051185,-1.521293876,-1.414817212,0.746252672,-0.31406209,0.443165602,1.644911897,-0.101116007,0.893310638,-0.291591101
0.739866395,-1.543134747,-0.581701748,-0.374728378,1.04609395,1.188797814,-0.747930916,-0.495229787,-0.400061308,-1.049855879,0.188329639,-1.413417663,-1.089514847,0.452509342,1.211432068,0.178372861,-0.22834819,-1.354692082,1.365699785,1.378684952
0.927773998,0.412111091,-0.29062701,-1.516419941,0.786692314,-1.059870831,1.987728275,-0.507809437,1.509640692,-0.163741264,-0.977703019,0.568355972,0.391820236,-0.403702506,-0.039834678,-0.76963117,0.571611547,0.427592961,-1.239085202,-0.857563233
-1.49381691,-0.144191332,-1.327445652,1.367762009,-0.343713448,0.865681459,0.368758625,-1.549906648,0.261104803,-0.690436882,1.323146222,0.623363085,1.04908689,1.00762795,0.152841148,0.88172454,-0.981384518,-0.320741043,-1.113710474,-0.045502238
-0.423642701,-0.964582481,0.897938447,-0.265060004,1.876617647,-0.260938384,-0.815274458,0.849781366,-2.009363196,1.686189221,0.032745646,-1.293802297,-1.025669543,0.334710237,-0.170374488,0.507292971,1.937792082,-0.822860771,-0.143325712,-0.410575641
-1.593044574,-0.020201184,-1.070688184,1.431402227,-0.471986321,0.637295213,0.095534995,-1.071571545,0.108143085,-0.795525345,1.45526806,0.440449919,0.951462328,0.741950664,-0.122833576,0.899266861,-1.141826843,0.013654137,-1.158847225,0.261004882
-0.862780788,-0.335454299,-1.377056493,1.322694783,0.199020705,0.468287462,-0.190997868,-0.658426502,0.396387422,-0.753105441,1.293652363,0.716259851,1.233185035,0.569988751,-0.290166967,0.980733388,-1.559750816,-0.463211556,-0.80443368,0.610396253
1.486833162,0.641406114,-0.222969571,-1.285363876,0.194519288,-0.429958195,1.539618322,0.56117725,0.667275174,0.265121458,-1.03517943,0.627040499,0.678317292,-0.412984566,0.583611,-0.218879516,0.377654503,1.307272418,-1.419188154,-1.098398323
1.510206228,0.631707349,-0.402381134,-1.329829106,0.624573711,-0.587011021,2.370640187,-0.073730379,1.016446194,-0.100143086,-1.118527812,0.749269231,0.4893856,-0.555226049,0.543860816,-0.587018284,0.573257762,1.47799974,-0.72163244,-1.043259217
0.688621391,-1.311078698,-0.353918695,-0.999007295,1.03538485,1.951329145,-0.668882745,-1.420427995,0.074477357,-1.573511132,-0.187482088,-1.277205419,-1.113716325,0.934818426,1.049557591,0.622838628,0.009538911,-1.095626882,1.33970824,1.055665259
-0.390737945,1.23097652,1.173730037,0.467009786,-1.195012417,-1.205867657,-1.060093435,0.709905121,-0.091890527,0.768302692,-1.485652547,1.515952286,0.43257911,-1.334314083,-1.589078298,-1.73174569,-0.451783663,1.378497694,0.452693513,0.793414621
-0.476778323,1.52139387,0.814860574,0.14518097,-1.339713287,-1.333085586,-0.858918411,1.332301553,-0.064725985,0.602452421,-1.597041907,1.239083658,0.94673677,-2.042871503,-1.857493625,-1.522732034,-0.122578867,1.280944148,0.307352539,-0.662685865
-1.280934709,-0.365825347,-1.257130877,1.323493686,-0.258931971,0.550873241,-0.089153469,-0.277249286,0.273101535,-0.859270023,1.301139256,0.658084646,1.14216196,0.677201961,0.058630437,0.996654295,-1.397395832,-0.346114621,-1.207184093,0.699077487
0.344023411,-1.787412334,-0.762460226,-0.357317966,1.651879009,1.121671059,0.054721418,-0.113477437,0.532621243,-1.085569311,0.306761457,-1.429286655,-0.970561053,1.456892583,1.369670228,1.418867862,-0.84679641,-1.314479535,1.717758329,1.298227531
0.858330909,-1.60619886,-0.244627637,-0.583824526,0.566330572,0.918465356,-0.622784314,-1.271122453,-0.009795652,-0.98406587,0.177511872,-1.636328808,-0.863523164,0.642252222,1.131783001,0.788621845,-0.426429719,-0.208243782,1.55137147,0.608880287
-0.55518354,-0.51143074,1.580064341,-0.264527979,-0.044293285,-0.211395169,-1.57370408,0.082199628,-1.956307113,1.713152264,0.735364828,-1.08483482,-1.529073096,0.742321131,0.727648269,0.895122114,1.694670308,-1.71980909,-0.030326705,0.455501782
-1.727701307,-0.069397406,-1.297562148,1.676129093,-0.561520541,0.655098792,0.057123833,-0.998188856,0.271871201,-0.951878828,1.412517733,0.525325588,0.906911047,0.859793352,0.037892073,1.282159103,-1.560490576,-0.529293424,-0.801778555,0.325009439
0.205312426,-1.202558742,-0.901923967,-0.380786165,2.403007607,1.53327149,0.304145117,-0.852598771,0.538261811,-1.302977078,0.132333445,-1.894276249,-0.878770397,1.550171122,0.943969353,0.551917909,-0.580159281,-0.662790232,1.832627149,0.148032445
-0.301030305,-0.554188619,1.143220824,0.10412756,-0.558498657,-0.746117505,-0.830976663,0.006169822,-1.791931531,1.350707076,1.099762727,-0.969475767,-1.18628281,0.400993754,-0.192095003,-0.5341952,1.593141628,-0.501494768,0.043941927,-1.425686772
1.213534508,0.30847377,-0.504118538,-1.426107341,0.362262558,-0.861573171,1.397789657,-0.878904284,1.920904937,-0.299379377,-1.125329349,0.558582448,0.623360728,-0.304200516,0.310782222,-0.420283382,0.571143334,0.795406703,-0.930333297,-0.380612245
1.153367497,-1.37616657,-0.410613151,-0.915252085,-0.436499984,1.581397226,-0.379846071,-0.310675677,-0.307070888,-1.06604803,0.706892174,-1.095422552,-1.067605063,0.968141125,0.637864405,1.066661928,-0.592177301,-0.624865771,0.970022409,0.416244153
-0.440443097,-0.983656055,1.433985369,-1.102256495,-0.236039833,0.184618764,-0.933873121,1.503207445,-2.166502475,1.316139687,0.864395671,-0.583072573,-1.245952858,0.801852298,0.571726171,0.370662314,1.034729568,-1.641560312,0.194986394,-1.252167959
1.6519174,0.6097756,-0.278181928,-1.123990858,-0.383884807,-0.511749025,1.60848897,-0.581331093,1.440645296,0.164414246,-0.847358523,0.522846043,0.655253746,-0.466778875,0.128914152,-0.835108975,0.49156599,0.882391145,-1.055141711,-0.662547138
-1.519523639,0.351256878,-1.264630945,1.476919595,0.497179597,1.181599896,0.124153987,-0.689167626,-0.123930535,-0.834790336,1.152365353,0.64266322,1.045468194,0.784397374,-0.210294901,0.866193958,-1.431866682,-0.552326824,-1.095492245,0.921155562
-1.250780058,0.146528043,-1.24144441,1.473616267,-0.112089657,0.772761753,0.157215566,-1.0795232,-0.074146505,-0.797538232,1.644755041,0.786221185,0.9199494,0.471898786,-0.229202175,1.464225772,-1.277776002,-0.073011664,-1.067280351,0.655280445
-0.426983795,-0.500544458,2.124599108,-0.489906012,0.5948791,-0.160624675,-0.595236557,0.905887435,-1.679784185,2.161829352,0.597164351,-0.905134005,-1.765188536,0.658802086,0.693748596,0.260194607,0.359180806,-0.935925064,0.340349032,-0.466279618
1.157990794,0.376990405,-0.433029482,-0.677625055,0.871892575,-0.691174406,1.720992151,0.306269498,1.52354672,-0.592235921,-0.913923698,0.465149232,0.373590164,-0.234325949,0.990176317,-0.345063564,0.908363546,1.622712349,-1.337012097,-2.04574042
-1.436924456,0.165027916,-1.115530734,1.49788387,-0.675923209,0.972699591,0.367973891,-1.228495172,-0.29986689,-0.891232577,1.263875492,0.560799238,1.120637613,0.492469868,-0.467763412,0.99142056,-1.165829128,-0.462248388,-1.1912994,-0.139714828
-0.115681537,-1.080231336,1.492934054,-0.394537934,0.81898894,0.843380386,-0.947569691,0.910645424,-1.517166888,1.526931601,0.719919687,-0.989209504,-1.311380998,0.515454398,0.713428309,0.593771356,1.814136511,-0.536818267,0.065784973,-0.711033897
0.400268788,-1.035492671,1.234828811,-0.343028435,0.027657075,-0.558760693,-0.513795363,-0.220398697,-1.58752324,0.75090857,0.123810173,-0.900444008,-1.369061541,-0.030881914,0.671020388,0.391993818,1.86602969,-1.003854208,1.330950155,-1.141465702
1.81164676,0.969839908,-0.612235572,-1.512574613,0.352381671,-0.402896895,1.78857802,-0.656715824,1.133012554,0.100959447,-1.072797441,0.53772043,0.776168609,-0.301984984,0.436709736,-0.155887878,0.132928928,0.447197059,-1.239592629,-1.356960825
-1.754883421,-0.070052884,-1.305513026,1.706044031,-0.785439688,0.903043828,0.161223736,-1.003232672,0.194595056,-0.904678596,1.149573046,0.631708579,0.897675431,0.876671821,-0.355200404,1.067145689,-1.242219124,-0.178626133,-0.995757973,0.448309176
-1.40797976,-0.367042533,-1.1792624,1.357283456,-0.318598362,0.810342232,0.278952654,-0.238347531,-0.263290026,-0.747352406,1.232531348,0.771824669,1.026587128,0.703769331,-0.304636622,0.902421863,-1.006451559,-0.025821401,-0.795831083,0.424751825
1.626381156,0.597173438,-0.410025039,-1.144983728,0.312504992,-0.169372116,1.785712462,0.373924745,1.459363152,0.167429533,-1.384856125,0.665604632,0.507724698,-0.544033843,0.078833917,-0.517535916,0.636081762,0.180113247,-1.451781784,-0.676903187
1.657287486,0.433079669,-0.796531961,-1.551640998,0.037872136,-0.668842436,1.373813599,-1.000820911,1.297027299,-0.34304316,-1.38323882,0.318821717,0.466028427,-0.628105817,0.269073593,-0.41532359,0.239580966,0.943776348,-1.020781603,-0.871659979
0.315313832,-1.141981113,1.283983917,-0.227869709,-0.128805544,-0.417810262,-0.237472745,1.354577027,-2.017695295,1.6934575,0.832216828,-1.565398006,-1.494078007,0.894100093,0.473061259,0.085789223,1.116777008,-1.272291161,0.039940614,-1.608931754
0.56432464,-1.197780939,-0.235790806,-0.325416342,2.682694244,0.748222443,-0.540887003,-1.122573237,0.294675295,-0.886740012,0.228202196,-1.483701246,-0.887797616,1.258077074,0.54395237,0.532066553,-0.872018327,-1.193041069,1.08767829,1.719786463
0.493281796,-1.162403871,0.129637359,-0.122608895,2.33454809,1.465685385,-0.600835448,-0.805593453,0.298627814,-1.41248614,0.096191056,-1.224400089,-0.75676699,0.277741485,1.503063822,0.269217723,-0.857655823,-0.311924331,1.727652829,1.903832089
-1.480633143,0.261624083,-1.565058906,1.882231081,-0.355872596,0.757479901,-0.248669199,-0.839008709,0.130117051,-0.885696464,1.12248383,0.450922509,1.099733862,0.747220966,0.137348899,0.962358697,-1.381984075,-0.03210915,-1.300848158,0.086322245
-0.514026236,-0.043182102,1.456166488,-0.053219625,0.028077953,0.012917719,0.200464249,1.097108837,-1.058061301,1.448175976,0.485639853,-1.311224671,-1.186037091,0.179655631,-0.12812116,0.784530125,1.181867562,-0.794056569,0.288720381,-1.368905812
1.7414466,0.434671544,-0.35004606,-0.995814912,0.997174396,-1.1387087,1.631367362,-0.347037053,1.251910745,-0.059656952,-0.914975259,0.654013052,0.853570453,-0.404066804,0.26483966,-0.521203758,0.531026777,1.01292014,-1.004114242,0.032883321
0.616860516,-0.809746765,-0.342203711,-0.521618004,0.574637575,1.084015135,-0.626177262,-0.905406892,0.087787385,-1.630482834,0.588552398,-1.300392901,-1.357451302,0.840608702,1.26593478,0.077605687,-0.330288817,-1.303229545,2.013499079,1.811105004
-1.585452358,-0.053863452,-1.267658429,1.593820309,-0.670458447,0.175637599,0.008866775,-0.667601139,0.226056369,-0.659145191,1.46528885,0.639689908,0.846107788,0.760457889,-0.264295584,0.867754838,-1.210336266,-0.231653119,-0.914599468,0.355428365
-0.167735443,-0.84820705,1.303839515,-0.109264653,0.137395303,-0.222473461,-0.860497412,-0.286896062,-2.000144963,1.921271484,0.530376917,-1.500409267,-1.182004604,0.433649788,0.095581854,0.936792739,1.707045767,-1.281880173,0.042966422,-1.419186719
-0.272614023,1.423829981,0.834528145,0.257828651,-0.86231498,-1.227319922,-0.7588723,1.801519421,0.098064302,0.659714857,-1.351651068,1.138079528,0.893461643,-1.53184237,-1.739186626,-1.660924187,-0.605956873,1.25424606,0.652426666,0.293667211
1.919288673,0.706354701,-0.428840262,-1.633005082,-0.191311738,-0.821434688,1.910657742,-0.34048433,1.101718577,0.192639349,-0.947291223,0.558097979,0.293396874,-1.181362703,0.03077577,-0.642777004,0.623768264,-0.008520167,-0.549969925,-0.771495172
-0.321511882,1.448027209,0.961631463,0.144221617,-1.5471631,-1.415857259,-0.97804928,1.325560373,0.094997536,0.8290028,-1.295988571,1.199416185,0.649929147,-1.639919138,-1.503184747,-1.811658736,-0.473563923,1.216410852,0.155912627,-0.095956201
-0.515759012,1.634294329,1.008950638,0.43202369,-0.123929315,-1.342656677,-1.027282964,0.600932351,0.092859708,0.565579214,-0.988662746,1.372494564,0.588010574,-1.64993223,-1.580208391,-1.331611776,-0.148789922,1.535398333,0.544541767,0.540519082
1.266415581,0.172087048,-0.268423588,-1.22689948,0.558577391,-0.580854508,1.641374551,-0.07439879,1.251499737,-0.236369126,-1.240628656,0.236721624,0.931239078,-0.644912556,0.821244592,-0.600407248,0.803431179,1.121174584,-0.869997923,-0.791988925
-1.30444622,0.010571217,-1.600688368,1.310737347,-0.125596179,0.854859747,0.110718946,-1.262486401,0.03836627,-0.622012003,1.257353791,0.426210709,1.07712718,0.485065607,-0.039151151,1.05133203,-1.668202241,-0.453913563,-0.922995311,0.517680134
-1.568966709,-0.14900232,-1.259999858,1.523540911,-0.17008427,0.699601045,0.720961459,-1.266721484,-0.438731901,-0.76388587,1.219298345,0.661018902,1.09269655,0.941801221,-0.518887509,0.873650244,-1.267927585,-0.07838073,-0.722465541,0.707140398
-0.263714465,-1.045347286,0.959645915,0.110499111,-1.189368481,-0.182418737,-0.632340859,0.27207076,-2.048067093,1.432477863,0.285841185,-1.440430486,-0.687184275,0.667009795,-0.117414114,0.549327794,1.83215476,-0.334780347,0.198150211,-0.205998297
-0.395591474,-0.638920567,1.875555904,-0.029778894,1.315294007,0.304045068,-1.002188174,0.687202364,-1.892729447,1.854471577,0.949669615,-0.963224208,-0.860974864,-0.306497574,0.411262716,-0.218066889,1.522128571,-1.114278991,0.5240062,-0.716193273
0.901826119,0.350217201,-0.724104735,-1.418292568,0.126195269,-0.362394548,1.299470167,0.267803579,1.24937412,0.148746195,-1.094332864,0.155477359,0.365511935,-0.771505678,0.628770389,-0.021353179,0.344669324,1.008376238,-1.52654234,-1.001090295
1.414111344,0.82547176,-0.013388107,-1.661702294,0.750921779,-0.43482548,2.18652086,-0.034260234,1.183059089,0.219300285,-0.860025352,1.03118311,0.791633117,-0.391245432,0.119203999,-0.561205308,0.060651632,0.793714687,-0.806677211,-1.033003635
-0.22025084,-1.14865749,1.57695917,-0.873837743,-0.242642636,0.387724224,-0.59115626,1.173207537,-2.257690839,1.868281165,0.896488006,-0.627767194,-0.996992146,0.458503577,-0.268468115,0.127735478,2.176916441,-0.243575869,-0.198993062,-3.018306382
1.236225512,0.590746329,-0.226383836,-1.466949502,0.666163048,-1.309541493,1.69279188,-0.369182758,0.884207384,-0.426137491,-1.114481004,0.555641947,0.820863866,-0.632671462,0.44074402,-0.262621878,0.767201115,0.761888148,-1.588158451,-0.744522548
-1.462808638,0.072186527,-1.623101971,1.668246992,-0.720509129,0.559824106,-0.180929736,-1.087224905,0.226699776,-0.817619423,1.338335985,0.881092086,1.064481591,0.650173964,-0.124216238,0.960510237,-1.407060209,-0.769882585,-0.841106977,0.315425347
1.304388723,0.454947656,-0.6923941,-1.247577873,-1.249199802,-0.762631026,1.633961761,0.350680003,1.7290993,-0.088397247,-0.749147518,0.459768136,0.384625961,-0.06889922,0.638321135,-0.499375046,0.689599428,0.913164517,-0.987058645,-1.617295727
-0.572924694,1.409231669,1.015113668,0.507271569,-2.208655989,-2.054254932,-1.001708172,1.395169708,-0.382163467,0.5581196,-1.353104588,1.456456872,0.696883811,-1.645034615,-1.577632576,-2.161403607,-0.056264522,1.476056547,0.493562487,1.773738999
-0.705237811,-0.731387202,1.480125294,-0.368284049,-0.4741999,0.245833076,-0.314359747,0.140706443,-1.684529145,1.810061273,0.91658873,-1.081758063,-1.075039155,0.701670168,0.480637429,-0.481435796,0.783785961,-0.293992892,-0.360499794,-0.783215413
-0.152938932,-0.544254229,-0.365377805,-0.175546995,1.227789013,1.011843485,-0.359052825,-1.618985648,0.96988749,-1.503930453,-0.003660615,-1.318981169,-0.874344759,0.931522807,0.801754475,1.056719749,-0.056338323,-0.552106881,1.666048098,2.662014901
-0.543548687,1.417569849,0.919389668,0.338290049,-2.106857863,-1.096339516,-1.09299197,1.136487544,0.529831685,0.472333979,-1.619203518,1.132910668,0.955048566,-1.272101232,-1.94719927,-1.471359045,-0.532225933,1.289595901,1.123639161,-0.374199351
0.291493472,-0.960441572,-0.607355252,-0.633578991,1.579207123,0.185433996,-0.954625431,-1.130576919,0.259928616,-1.283455309,-0.008713175,-1.287358774,-0.990087701,1.129298636,1.0962711,1.074322351,-0.227404942,-1.12416633,1.4456827,0.297391763
1.456295027,0.416730186,-0.69150855,-1.334703282,-0.328055514,-0.665483991,1.959260844,0.399895975,1.483132104,-0.201442371,-0.887631541,0.469317915,0.405865604,-0.354141494,0.946340726,-0.419626122,0.008833845,0.975572664,-1.391350221,-0.794724227
-1.370574534,-0.070345516,-1.318437861,1.360872971,-0.153029356,0.753342349,0.188573922,-0.374831683,0.347635125,-0.806307036,1.404042289,0.599892145,1.039683341,0.900204539,-0.067418857,1.097904305,-1.414415816,-0.677495605,-1.125601766,0.934765886
-0.099193966,1.353330855,1.016035644,0.597563879,-0.954887514,-0.658209194,-1.319460418,1.384476994,0.222406237,0.724614689,-1.172322453,1.079257257,0.846973768,-2.100833862,-1.542831577,-1.469816626,-0.271372691,1.727861634,0.551842502,0.187940665
1.550658642,0.167932928,-0.476576004,-0.976837689,-0.437519575,-0.724527136,1.734799219,-0.079854154,0.998859518,-0.024780292,-0.933479303,0.395250747,0.571621494,-0.394180782,1.107718258,0.142108006,0.318511131,-0.041794969,-0.844053182,-0.83844797
1.327897999,-0.875126686,-0.365423011,-0.270398802,2.058429559,1.314456199,-0.399124095,-1.093089408,0.168766304,-2.031910499,0.313810232,-1.388038588,-0.705535555,0.874890021,0.796306022,0.629077731,-0.688465761,-0.667814132,1.546573562,1.623656174
0.037503019,-1.138812453,-0.862302842,-0.571966524,1.092004436,0.748143717,-0.72906316,-0.711007925,-0.221192315,-1.544955539,0.111557204,-1.014527218,-1.165307068,0.819530326,1.233494833,0.00967508,-0.295800555,-0.470470246,1.292070498,1.847174144
-0.335642113,1.84583128,1.118762747,0.18216633,-0.401625281,-1.699794049,-1.016244686,1.295560273,0.666444326,1.145524193,-1.210508186,1.188504783,0.821855584,-1.536190387,-1.740068204,-1.282134808,-0.399777858,1.296142764,0.731771156,0.45261633
1.364131945,0.163920477,-0.116086268,-1.600248163,0.356382398,-0.810539666,1.861805794,0.019838342,0.941926452,-0.044243657,-0.717992122,0.818925293,0.528226947,-0.490455013,0.991270149,-0.149584859,0.266228719,0.536089046,-0.759452308,-1.462580683
-1.084013066,0.051702216,-1.448633472,1.673451887,-0.610048261,0.66419333,0.016406827,-0.740727608,-0.163313082,-0.95633496,1.071225014,0.567211935,1.196525684,0.703114508,-0.213304718,1.238319927,-0.961008018,-0.318484999,-0.769771222,-0.064152098
